Review Score,product_id,order_id,customer_id,Customer Segment,product_name,aisle,department,Product Category,Purchase Timestamp,latent_cluster
5,8446Ajajdi16a137i3b05i7d3g0e1dfh9d29d,42252A6f4he26dda1c0120ca2ae65hd42de0i8,33008A3efheaiha8acbjcg3c706a0c21jgj227,Loyal Customers,Utility Lighter,more household,household,more household,01/08/17 18:38,3.0
5,8446Ajajdi16a137i3b05i7d3g0e1dfh9d29d,71176A162fb7j5j462a016198ja132egdhda1j,7413A20gg81agjd10abj84b9c574gijefed7j,Loyal Customers,Utility Lighter,more household,household,more household,18/03/18 21:00,4.0
5,8446Ajajdi16a137i3b05i7d3g0e1dfh9d29d,76489Ade28e7h3412620696cc03bjc84gge7ja,27116Aga90if42d9g424093687b0i00ha6ifdg,Loyal Customers,Utility Lighter,more household,household,more household,05/08/17 16:59,2.0
3,20672A3bi81f4d94181a083d6919df1be9i1af,26929A5af3c8a1d51i9ac1jjjg7a5h8dbj961i,993A1gbibcgjc14dh7i06d791hfa60i0i827,Loyal Customers,Vegan Alfredo Sauce Arugula Pesto,MunchPak,dry goods pasta,MunchPak,04/10/17 9:10,6.0
5,14691Acifcad272bcf1a23c71cdb3ci24i7hgj,74521A26b3e5c0393g0536g64053hca62b91ci,33008A3efheaiha8acbjcg3c706a0c21jgj227,Loyal Customers,Disposal Cleaner,cleaning products,household,cleaning products,06/01/18 19:17,3.0
4,14691Acifcad272bcf1a23c71cdb3ci24i7hgj,90374A4f14jee3j008a2f3h309580ia41d43ge,5168A566a6aag5578a9b394997205e1d68ic0,Loyal Customers,Disposal Cleaner,cleaning products,household,cleaning products,19/01/18 9:38,0.0
5,852Ac36edjf451j470d5jfb80gag5f6h3b43,91315A69id50fd953b1be4adf2994g06b26h2b,33008A3efheaiha8acbjcg3c706a0c21jgj227,Loyal Customers,Light String Cheese,packaged cheese,dairy eggs,packaged cheese,10/06/17 15:31,3.0
4,852Ac36edjf451j470d5jfb80gag5f6h3b43,79933Aga0g8adh695c3gd09g7f2cj53h3548e7,38408A4e38fejaheda5335c1h019j9g36i9i80,Loyal Customers,Light String Cheese,packaged cheese,dairy eggs,packaged cheese,13/06/17 18:16,3.0
5,852Ac36edjf451j470d5jfb80gag5f6h3b43,77773A3e8h676c4iige425if3f44b1ah95ejej,21491Agbccib6hjf1hiaj1712bh2518b1g4g2f,Loyal Customers,Light String Cheese,packaged cheese,dairy eggs,packaged cheese,10/08/17 15:06,3.0
5,852Ac36edjf451j470d5jfb80gag5f6h3b43,58718Ajbajebgi55e3bc74b93jaggbj8c1e9ji,26038Aceb6bbh500307697hhi45i5be9a2g0i8,Loyal Customers,Light String Cheese,packaged cheese,dairy eggs,packaged cheese,03/05/17 18:07,3.0
5,852Ac36edjf451j470d5jfb80gag5f6h3b43,56654Ai7b7g5ji5a0d77j85g6a4a9ge3fgd8c4,18766A9jhf145504gi33fb6bd4aacc8hg2f418,Loyal Customers,Light String Cheese,packaged cheese,dairy eggs,packaged cheese,25/05/17 9:43,3.0
5,852Ac36edjf451j470d5jfb80gag5f6h3b43,65828A6i34adh27b1gc1e3dj9d9di0adej6de2,15179Ah0bfbh5601h5efjgec9iae214jea1hfh,Loyal Customers,Light String Cheese,packaged cheese,dairy eggs,packaged cheese,07/06/17 22:18,3.0
5,852Ac36edjf451j470d5jfb80gag5f6h3b43,36315A315icdfi491fd6ac1947b63c7d4fedfi,31695Aj1bbih48545538b6b856f3ag00g5d627,Loyal Customers,Light String Cheese,packaged cheese,dairy eggs,packaged cheese,25/05/17 23:53,3.0
4,852Ac36edjf451j470d5jfb80gag5f6h3b43,65225A4g46g91fei20gh249jf6fji34b1024h6,6257A4339b2621c6860ih044ce682bejhea78,Loyal Customers,Light String Cheese,packaged cheese,dairy eggs,packaged cheese,14/06/17 14:33,3.0
5,852Ac36edjf451j470d5jfb80gag5f6h3b43,3722Ah40eijcga75hc6d5ba31dh2f7ac32343,5129A3b08jaj8d75hifai84cg5b5443b28301,Loyal Customers,Light String Cheese,packaged cheese,dairy eggs,packaged cheese,04/08/17 12:01,3.0
5,852Ac36edjf451j470d5jfb80gag5f6h3b43,90624Adhb3ci30ea6ie4bg1708764gcgac6jb7,19327Ae29ih4fi9e0bef1ae01ee4069f4fd6d0,Loyal Customers,Light String Cheese,packaged cheese,dairy eggs,packaged cheese,10/05/17 19:29,3.0
4,852Ac36edjf451j470d5jfb80gag5f6h3b43,65302A768cgjd46f6i40f06j0b03g529175c3h,10699A2jhagdbffh87fijb511ahicfh8d7gf56,Loyal Customers,Light String Cheese,packaged cheese,dairy eggs,packaged cheese,09/06/17 16:15,3.0
4,4922A553fdaf0b3b1f0bj80dge9e40cj9f684,49929A33447eefa5c8b1b6g3bjf315ieb06a6c,37666Aa76i0281b34i455jc7j67h55hfjcgb01,Loyal Customers,Summer Sausage Beef Premium,hot dogs bacon sausage,meat seafood,hot dogs bacon sausage,15/12/17 14:34,0.0
2,4922A553fdaf0b3b1f0bj80dge9e40cj9f684,9903A94d6jd283g677ib9e7d7i49ce3a80fc0,10626Ag1d3507iijg8j733f338536i85j26470,Loyal Customers,Summer Sausage Beef Premium,hot dogs bacon sausage,meat seafood,hot dogs bacon sausage,14/01/18 13:58,0.0
5,4922A553fdaf0b3b1f0bj80dge9e40cj9f684,76503A4eagbi239ij88iai180hh2ai48e9fhej,15682A62a53g7a816b64488539j9ei56gc4a43,Loyal Customers,Summer Sausage Beef Premium,hot dogs bacon sausage,meat seafood,hot dogs bacon sausage,20/08/17 18:35,4.0
4,4922A553fdaf0b3b1f0bj80dge9e40cj9f684,822Aeb39c95d0ii6jfddie5e282cb190bbci,35704Ab5jda45j7d0ga0cc9afbeg8d243598d0,Loyal Customers,Summer Sausage Beef Premium,hot dogs bacon sausage,meat seafood,hot dogs bacon sausage,28/12/17 1:15,6.0
5,4922A553fdaf0b3b1f0bj80dge9e40cj9f684,28505Ag17d3bffi4a61b37g3j6cjcffa41he4c,30893Adb581egdbc5ifh35gd1hj98i9cd98e59,Loyal Customers,Summer Sausage Beef Premium,hot dogs bacon sausage,meat seafood,hot dogs bacon sausage,07/03/18 9:30,4.0
5,4922A553fdaf0b3b1f0bj80dge9e40cj9f684,42465Ag87h05aea2b0i5436ga3160hfd4c8aab,10433Aa2f1916af7fae6a4j9693ih4h1jie427,Loyal Customers,Summer Sausage Beef Premium,hot dogs bacon sausage,meat seafood,hot dogs bacon sausage,07/02/18 22:36,2.0
1,31692A40566e7hi66ijghf98dh160fj55718ge,92278Abffcgi2ac1fe7157g8e289ij972d33df,8681Ac9h76596bed695i09fa49aij361fa5d9,Loyal Customers,Homestyle Waffles,frozen breakfast,frozen,frozen breakfast,25/06/18 19:58,0.0
4,31692A40566e7hi66ijghf98dh160fj55718ge,21130A569jg3j7eeigii0bh0ec0e93359g6749,2799A50deg30fb0da5j5317h601h7g76069fg,Loyal Customers,Homestyle Waffles,frozen breakfast,frozen,frozen breakfast,09/06/18 12:27,2.0
5,31692A40566e7hi66ijghf98dh160fj55718ge,13558Ae1f83f52ad24g813h9j35bifa7f85b6g,13308Aih6g2640c687d4841dhdf2bjf7jh3a27,Loyal Customers,Homestyle Waffles,frozen breakfast,frozen,frozen breakfast,24/06/18 10:43,0.0
5,31692A40566e7hi66ijghf98dh160fj55718ge,3198Abf79j6i1g64abeb80gb5ie52a6ci26ii,23407Ad81ccgha1dhbh6a4eb582i1c9ej7djj7,Loyal Customers,Homestyle Waffles,frozen breakfast,frozen,frozen breakfast,05/06/18 15:09,6.0
4,31692A40566e7hi66ijghf98dh160fj55718ge,40901A4gic50e8e5gjccj5d252ibf6f429cb30,38856A1g6c6d24ef0cdi7j7e4h598476e6a58d,Loyal Customers,Homestyle Waffles,frozen breakfast,frozen,frozen breakfast,05/06/18 22:44,2.0
3,20162Age61460ehc8afb45g0920ig7319i4g5g,1740A0i0ba682jg30ga7hb1a846d194131b28,41061A516gcgh3cd2ch7h4hg732eeej56ii388,Loyal Customers,Sensitive Shave Cream,shave needs,personal care,shave needs,31/12/17 17:57,0.0
5,26733A26a2eciigjdjd97j235a35a364gbe3gb,20037A33631i19eafdb361bgcf98ggh1b374h8,8994Ac491b85f7a26j19e3c1icdai3986i8gg,Loyal Customers,Keratin Infusion Smoothing Shampoo,hair care,personal care,hair care,06/09/17 11:16,2.0
5,26733A26a2eciigjdjd97j235a35a364gbe3gb,57167Aci74h2bcd85b2dd6fac0d6c89e905a6b,26720Ai718121351jhjjdcf8b06h958jcig35b,Loyal Customers,Keratin Infusion Smoothing Shampoo,hair care,personal care,hair care,26/09/17 9:11,5.0
4,5648A2aidhf41ieb07gi9jh7gg4i0fgi71f39,16040Ag0i015c779jd2c56ec445gf0494e43ij,7413A20gg81agjd10abj84b9c574gijefed7j,Loyal Customers,100% Recycled 1-Ply Bathroom Tissue,paper goods,household,paper goods,23/06/17 17:21,4.0
1,32134A6a8jcbfhc79i488cc5j5660fj6918i2c,82099A1ca467h0j2fd01f81dac6j6ic5h57829,7413A20gg81agjd10abj84b9c574gijefed7j,Loyal Customers,Blueberry Sparkling Water,yogurt,dairy eggs,Protein,19/02/18 15:36,4.0
3,32134A6a8jcbfhc79i488cc5j5660fj6918i2c,33723A70i8922c5jf6ecd34j536222i1h62g47,14585A8f8ggjddi000484f7361g4ch4d20ea2i,Loyal Customers,Blueberry Sparkling Water,yogurt,dairy eggs,Protein,28/09/17 20:54,2.0
5,32134A6a8jcbfhc79i488cc5j5660fj6918i2c,2331Aa06dj8a71iie3jfiij4bf1c87j72ai69,12981Aeh3ie33dg4b179hgie6e1f4hh1i88igc,Loyal Customers,Blueberry Sparkling Water,yogurt,dairy eggs,Protein,30/07/17 19:43,5.0
1,32134A6a8jcbfhc79i488cc5j5660fj6918i2c,26859Adb7a93870ea8d17f4j947hgde24a50j1,27779A94j941b054061g9igc857bjc78jb2f65,Loyal Customers,Blueberry Sparkling Water,yogurt,dairy eggs,Protein,29/01/18 22:54,2.0
3,32134A6a8jcbfhc79i488cc5j5660fj6918i2c,55516A5c174j15d5j2509iee45f74jjc2a6560,4133A472id1egii51ade7b200d5aj88c2a05f,Loyal Customers,Blueberry Sparkling Water,yogurt,dairy eggs,Protein,15/06/17 19:56,0.0
3,32134A6a8jcbfhc79i488cc5j5660fj6918i2c,14816Afah330ahg00i8f8i62i96ffh72ff4a5b,23669Aj8a4070bed26bgge9a63hh8c2d34hdjb,Loyal Customers,Blueberry Sparkling Water,yogurt,dairy eggs,Protein,16/03/17 19:05,2.0
5,8590A0ic6e33a3i3dd480ghj0c9g13ighhjd3,76489Ade28e7h3412620696cc03bjc84gge7ja,27116Aga90if42d9g424093687b0i00ha6ifdg,Loyal Customers,Ground Turkey,packaged poultry,meat seafood,packaged poultry,05/08/17 16:59,2.0
5,8590A0ic6e33a3i3dd480ghj0c9g13ighhjd3,562A2g2jg967ib1h506bg83g122fe0ge5492,27589Ahjhc111cf0hj1g49h795bdg152421gia,Loyal Customers,Ground Turkey,packaged poultry,meat seafood,packaged poultry,23/07/17 16:13,0.0
4,12480A68jh6bdhib77d9ff1bd4j726a26614e7,1769Agfc95h2eji40f2907j89663jcb60477c,27116Aga90if42d9g424093687b0i00ha6ifdg,Loyal Customers,Sliced Pancetta Americana,lunch meat,deli,lunch meat,25/12/17 17:49,2.0
5,12480A68jh6bdhib77d9ff1bd4j726a26614e7,65533A50fj816iic6bcea2cffc754dibehe48i,27031A6j262bei4a668e99d534iaib6dj476fg,Loyal Customers,Sliced Pancetta Americana,lunch meat,deli,lunch meat,07/03/18 13:22,0.0
3,12480A68jh6bdhib77d9ff1bd4j726a26614e7,62526A3ejg3b26d0be5ee2cebgj0g5f734c44c,14240A6a54f7aj70j098231dha159c1hjeh2i0,Loyal Customers,Sliced Pancetta Americana,lunch meat,deli,lunch meat,15/02/18 12:10,6.0
5,12480A68jh6bdhib77d9ff1bd4j726a26614e7,17285Ah33dhg4abdf67j4c0da08bhcafjc23a3,9885Aaa2ij11757g71hggi838033h2i363b41,Loyal Customers,Sliced Pancetta Americana,lunch meat,deli,lunch meat,16/01/18 8:42,4.0
5,12480A68jh6bdhib77d9ff1bd4j726a26614e7,18182A1a504iej9i2fie27ac5gihb022d67g1i,9880A2gc7g807ec7che8071b5ad41he0gh29c,Loyal Customers,Sliced Pancetta Americana,lunch meat,deli,lunch meat,01/04/18 10:04,5.0
4,12480A68jh6bdhib77d9ff1bd4j726a26614e7,59586A8b42gg4e9jc7e8eb82d03h44h32de91b,8729A3jgj61ba0709c4gjfbh315jef15619ji,Loyal Customers,Sliced Pancetta Americana,lunch meat,deli,lunch meat,01/02/18 16:27,0.0
3,12480A68jh6bdhib77d9ff1bd4j726a26614e7,81207A6676jdi9gj464e0589cbie2e526c313d,1146Aed0g63d75gfjb85e9bi610g6c314ga47,Loyal Customers,Sliced Pancetta Americana,lunch meat,deli,lunch meat,15/03/18 9:49,6.0
5,22727A49a6dic5829hb1jj4cf2612g7g89jd69,93990Ad6638b3h4h7ec414006dh2bg6j630264,27116Aga90if42d9g424093687b0i00ha6ifdg,Loyal Customers,2nd Foods Chicken & Rice Baby Food,baby food formula,babies,baby food formula,12/02/17 22:51,2.0
5,29705Ah3aa7bjge3g5ai66j6e1if2je8dibij6,52201Acch97egj6bca7i0ji9icb963j8a3g99f,12310Ai1a84113c0d6fgif893egjj5i97dhhgg,Loyal Customers,Roja Parfumes Luxe 3.4 oz,candy chocolate,snacks,Perfumes,07/08/17 12:28,6.0
5,29705Ah3aa7bjge3g5ai66j6e1if2je8dibij6,58662Ae19d85b6c59h5ej2974i2559j162ih60,36211Ab4b265a1j1e98ahe4gag2c5h5ei0ij0a,Loyal Customers,Roja Parfumes Luxe 3.4 oz,candy chocolate,snacks,Perfumes,27/09/17 21:06,5.0
1,29705Ah3aa7bjge3g5ai66j6e1if2je8dibij6,72401Ai3i2gc7a1575f31f9af249752a7g5h6j,12672Ac8h0i1ecchi7816dj2726a08h0dj3i82,Loyal Customers,Roja Parfumes Luxe 3.4 oz,candy chocolate,snacks,Perfumes,24/08/17 7:15,1.0
5,29705Ah3aa7bjge3g5ai66j6e1if2je8dibij6,71523A17fi1g2id6g8h3fadie4ja690ed8iidc,31114A4g7j21bab6f0ff87f1g992i0ac7hh227,Loyal Customers,Roja Parfumes Luxe 3.4 oz,candy chocolate,snacks,Perfumes,06/12/17 20:10,6.0
5,19123A8269ce6h63dc6dij1g7ibgh9h6hj6j1d,15743A35b78f0i5e8a86d4iij2fbjf1b802j16,7113Ag6ce5j53fgf19j55cdcjg5e7a89e2g9c,Loyal Customers,Mini Lemon Pie Coco-Roons,cookies cakes,snacks,cookies cakes,11/07/17 19:43,0.0
5,19123A8269ce6h63dc6dij1g7ibgh9h6hj6j1d,55248Ag76231c36h6a181098ii11134827jed8,2624Ac1995018ehh11a83i8eag4g706a9h70c,Loyal Customers,Mini Lemon Pie Coco-Roons,cookies cakes,snacks,cookies cakes,18/11/17 15:38,0.0
5,6278A2g9b9h90913a81750cibi2ij5fd587fg,379A4bai36d6ghd434g5gdde5jg9d3di88fi,12310Ai1a84113c0d6fgif893egjj5i97dhhgg,Loyal Customers,Coconut Cream,indian foods,international,indian foods,20/02/17 8:19,6.0
5,20570Ahfe9jedc496e7c5467ge3i1ea1a33fie,90160A3473hhjg9i2cb050ief6bf4h127cd78j,12310Ai1a84113c0d6fgif893egjj5i97dhhgg,Loyal Customers,2nd Foods Vanilla Custard Pudding With Bananas,baby food formula,babies,baby food formula,02/07/17 12:03,6.0
5,20570Ahfe9jedc496e7c5467ge3i1ea1a33fie,53695Ab8ggh6igfe9c6d72d53c5017g0d59i59,17255A67iaa24ag77ded5a6i13ab89fa8c56cb,Loyal Customers,2nd Foods Vanilla Custard Pudding With Bananas,baby food formula,babies,baby food formula,28/06/17 22:07,4.0
5,8263Af6jhg74c5db03a225d9jbc6516c42ch7,90160A3473hhjg9i2cb050ief6bf4h127cd78j,12310Ai1a84113c0d6fgif893egjj5i97dhhgg,Loyal Customers,Enriched Hominy Quick Grits,hot cereal pancake mixes,breakfast,hot cereal pancake mixes,02/07/17 12:03,6.0
5,21648Ajahd1dga4h5gefj88b7eia36b3ehgdg4,8935Acg6e154f3c0e80gbb03b3037b26b0e03,36211Ab4b265a1j1e98ahe4gag2c5h5ei0ij0a,Loyal Customers,Crumb Cakes,cookies cakes,snacks,cookies cakes,04/08/17 12:49,5.0
5,31738A1h2ccd7h96f7i3ccg67bbg130ia11b14,4442A5f5cge481ijg37ccjff8097c4ceij4fd,36211Ab4b265a1j1e98ahe4gag2c5h5ei0ij0a,Loyal Customers,Hearty Beef Franks,hot dogs bacon sausage,meat seafood,hot dogs bacon sausage,06/12/17 21:43,5.0
5,31738A1h2ccd7h96f7i3ccg67bbg130ia11b14,73047Agigcbe144b0g473je1c183609100fd18,2265A767jdg9ai1e4j9c27bfj803hf50g9807,Loyal Customers,Hearty Beef Franks,hot dogs bacon sausage,meat seafood,hot dogs bacon sausage,10/12/17 18:15,0.0
5,31738A1h2ccd7h96f7i3ccg67bbg130ia11b14,13888Ahj8cj964c2b1aiigea8bcibdfc65gj73,33167Ad83e2689agdh474c9egj98784gihch9f,Loyal Customers,Hearty Beef Franks,hot dogs bacon sausage,meat seafood,hot dogs bacon sausage,20/12/17 17:40,2.0
4,6927Afi479gdihejd4djdcb789cbb6g403eg4,41251Aca5cf704fg68hfbg6if64c28dj01j4ig,12672Ac8h0i1ecchi7816dj2726a08h0dj3i82,Loyal Customers,Signature Twin Size Mattress,packaged vegetables fruits,produce,Signature Mattress,24/11/17 12:59,1.0
5,6927Afi479gdihejd4djdcb789cbb6g403eg4,36880Af421509dg70hc6gb19efeaj50hi66aj9,8687Agacbfb0gi835adg1gd504948f9424e45,Loyal Customers,Signature Twin Size Mattress,packaged vegetables fruits,produce,Signature Mattress,01/11/17 16:34,1.0
5,6927Afi479gdihejd4djdcb789cbb6g403eg4,61202Aabdg1bb8d81gi87bh5egcb35jc99a8e0,32020A550b1a1ac5hehj28dc4120cge927jjjb,Loyal Customers,Signature Twin Size Mattress,packaged vegetables fruits,produce,Signature Mattress,15/02/18 1:32,1.0
5,6927Afi479gdihejd4djdcb789cbb6g403eg4,31832A7ib72fe2h2c5g9749i0481e571cd83h4,9235A40di89jab273g9j2ief52b56h8b5353d,Loyal Customers,Signature Twin Size Mattress,packaged vegetables fruits,produce,Signature Mattress,24/11/17 0:52,1.0
4,6927Afi479gdihejd4djdcb789cbb6g403eg4,26609A474494631a87h1cb25b1ffg247ge842g,2917A14655d81ajg1b55jcb5278g6686f2fai,Loyal Customers,Signature Twin Size Mattress,packaged vegetables fruits,produce,Signature Mattress,14/02/18 8:54,1.0
5,6927Afi479gdihejd4djdcb789cbb6g403eg4,82534Ah3a70aba1ih64ejc65h2je4j8f010ej4,8295A9g7h405ab1e9h655jcg1g88a8aieh0if,Loyal Customers,Signature Twin Size Mattress,packaged vegetables fruits,produce,Signature Mattress,08/02/18 22:22,1.0
5,6927Afi479gdihejd4djdcb789cbb6g403eg4,12491A7d813b39e1d8005jd1ac69a4h91f7ba3,29553A4h8833j2g66d6j764b88h578g2jfb305,Loyal Customers,Signature Twin Size Mattress,packaged vegetables fruits,produce,Signature Mattress,12/01/18 20:16,1.0
1,6927Afi479gdihejd4djdcb789cbb6g403eg4,61410A59f755g26a63d95h7h657iejag03cha8,15229A1c9100844i1ajb752i2iaje5hih649d6,Loyal Customers,Signature Twin Size Mattress,packaged vegetables fruits,produce,Signature Mattress,08/03/18 16:11,1.0
4,6927Afi479gdihejd4djdcb789cbb6g403eg4,1130A21h44ebjc042fcce1bajc892g836ibh2,11613Agdda814h4c96795f0f3e4dh6jei394gj,Loyal Customers,Signature Twin Size Mattress,packaged vegetables fruits,produce,Signature Mattress,29/04/18 22:45,1.0
5,6927Afi479gdihejd4djdcb789cbb6g403eg4,1597A975b57dge0e17j9aagbiihai357bg844,14193Aj49d8gef81eg2cb44ajjjbdb4gjifj7c,Loyal Customers,Signature Twin Size Mattress,packaged vegetables fruits,produce,Signature Mattress,07/03/18 21:08,1.0
1,6927Afi479gdihejd4djdcb789cbb6g403eg4,4507A3f1j4hi1a01b394161bi7hg1aa639f5c,33278A4516h9a7554c49i3gai2821c979afaa6,Loyal Customers,Signature Twin Size Mattress,packaged vegetables fruits,produce,Signature Mattress,30/01/18 18:06,1.0
5,6927Afi479gdihejd4djdcb789cbb6g403eg4,5457A3h4h548gh291c2hjjgafe116eg9ccf8g,37845A003a3c5a1a8ec5c4h1ii6ffcd158f698,Loyal Customers,Signature Twin Size Mattress,packaged vegetables fruits,produce,Signature Mattress,19/07/17 15:33,1.0
4,6927Afi479gdihejd4djdcb789cbb6g403eg4,49381A2fgii74jdbc407j61ef8f3g2g5jic2b6,37845A003a3c5a1a8ec5c4h1ii6ffcd158f698,Loyal Customers,Signature Twin Size Mattress,packaged vegetables fruits,produce,Signature Mattress,09/10/17 11:40,1.0
5,6927Afi479gdihejd4djdcb789cbb6g403eg4,6969Abgfffcjdhj0f6h1eaebje8182350b8gh,16606Aj9cjh29f1e49he2i0di6iff6h7c43j24,Loyal Customers,Signature Twin Size Mattress,packaged vegetables fruits,produce,Signature Mattress,04/06/18 21:09,1.0
5,6927Afi479gdihejd4djdcb789cbb6g403eg4,8120A3cfeg0cj4700e3jg7f03a7ecf6gjj5f8,9570A9i49b6b22afcde3gc2di322jbbid2505,Loyal Customers,Signature Twin Size Mattress,packaged vegetables fruits,produce,Signature Mattress,27/05/18 18:26,1.0
5,6927Afi479gdihejd4djdcb789cbb6g403eg4,9266Aib65hg57fj3jj9e8jdc17f5cjc069f2h,41008A311chiga3241fe61aajj97d919896565,Loyal Customers,Signature Twin Size Mattress,packaged vegetables fruits,produce,Signature Mattress,06/09/17 19:41,1.0
3,6927Afi479gdihejd4djdcb789cbb6g403eg4,10294Aji3ghbc6j4c5372jibd8e7d42aaejj6e,27664Agha67dge7e0fjfebag001j8fg31g233a,Loyal Customers,Signature Twin Size Mattress,packaged vegetables fruits,produce,Signature Mattress,10/09/17 15:43,1.0
1,6927Afi479gdihejd4djdcb789cbb6g403eg4,14852A28a264g72da71a8h79cf4e3edjcj0096,14559Af9c729je60eefe11cddj39j27jc38g79,Loyal Customers,Signature Twin Size Mattress,packaged vegetables fruits,produce,Signature Mattress,24/11/17 23:54,1.0
5,6927Afi479gdihejd4djdcb789cbb6g403eg4,16452Ai0j2c41g5igcibbdb0i8gd30g70f61dh,36803A539613jca2cb3ecb9cb2d12b46h8g84f,Loyal Customers,Signature Twin Size Mattress,packaged vegetables fruits,produce,Signature Mattress,22/01/18 21:07,1.0
5,6927Afi479gdihejd4djdcb789cbb6g403eg4,17139A880i7168bi05f8c27i2fe6234162gfif,22431A59686ifa3d72h43hcgbc6fh8672jd952,Loyal Customers,Signature Twin Size Mattress,packaged vegetables fruits,produce,Signature Mattress,09/02/18 12:02,1.0
4,6927Afi479gdihejd4djdcb789cbb6g403eg4,17431A95hff4he4608g40jdj7a967j9443i192,27441Ah1f16hgbhch9cg2d37j302e8ajj738b3,Loyal Customers,Signature Twin Size Mattress,packaged vegetables fruits,produce,Signature Mattress,31/10/17 22:40,1.0
1,6927Afi479gdihejd4djdcb789cbb6g403eg4,24948Abb8d6ahdffjg83ej720b2b71687dg459,24516A11ag42a86ihedg32d640e81cjig87j5h,Loyal Customers,Signature Twin Size Mattress,packaged vegetables fruits,produce,Signature Mattress,09/10/17 19:42,1.0
4,6927Afi479gdihejd4djdcb789cbb6g403eg4,25408A739cideiij8i24bad76d5i0i84890hj2,13166Ajebe25dd97ajfc74ch4he0dg270548dd,Loyal Customers,Signature Twin Size Mattress,packaged vegetables fruits,produce,Signature Mattress,27/09/17 21:08,1.0
5,6927Afi479gdihejd4djdcb789cbb6g403eg4,26056Aa4j40754ge4b1i0ji16h5i39eaa353f2,24103Aiifjhadeebjcf564794gjcgiaa9ddih7,Loyal Customers,Signature Twin Size Mattress,packaged vegetables fruits,produce,Signature Mattress,13/02/18 11:58,1.0
1,6927Afi479gdihejd4djdcb789cbb6g403eg4,28890A514jcha47e3a6hieh722380fg47131gf,25731Aia52c38f9d5b9b0cgba9972e3g5aeed9,Loyal Customers,Signature Twin Size Mattress,packaged vegetables fruits,produce,Signature Mattress,29/11/17 13:46,1.0
5,6927Afi479gdihejd4djdcb789cbb6g403eg4,33412A882icg0b91c605icai634d9j5ba691g8,7254A1d4a0ijfg40a28ggd59a29agg2ad2a4j,Loyal Customers,Signature Twin Size Mattress,packaged vegetables fruits,produce,Signature Mattress,11/12/17 23:18,1.0
2,6927Afi479gdihejd4djdcb789cbb6g403eg4,37236Ah6b160geij4i5351cfhd634c301igc0b,10434A48747j643a29ae87b19hb8a602jcji8g,Loyal Customers,Signature Twin Size Mattress,packaged vegetables fruits,produce,Signature Mattress,24/11/17 15:10,1.0
5,6927Afi479gdihejd4djdcb789cbb6g403eg4,37635Ad8a3befgjec39730418fj6iajhccic27,25490Adbdb77hcc8b5ec65e5bbif4ij98cc12f,Loyal Customers,Signature Twin Size Mattress,packaged vegetables fruits,produce,Signature Mattress,11/09/17 11:50,1.0
5,6927Afi479gdihejd4djdcb789cbb6g403eg4,39534Afcaa1eb55g1dagbcgce0ch5195j0j8d3,35538Afbgaef03fdc7e3g74jaa19hiffjjjjg7,Loyal Customers,Signature Twin Size Mattress,packaged vegetables fruits,produce,Signature Mattress,29/12/17 21:00,1.0
3,6927Afi479gdihejd4djdcb789cbb6g403eg4,45850Ae212eiaedcj661ij3i7a0642j4jddj06,33453A3j43dd546a15d5h639b4bgh15ef3bfa3,Loyal Customers,Signature Twin Size Mattress,packaged vegetables fruits,produce,Signature Mattress,08/12/17 9:35,1.0
5,6927Afi479gdihejd4djdcb789cbb6g403eg4,47099A4gibb7gi49hh51d05g3421e58a1cg6ag,19679A45fcif4f6cc8i053590f26g1f1aagc4i,Loyal Customers,Signature Twin Size Mattress,packaged vegetables fruits,produce,Signature Mattress,09/02/18 7:51,1.0
4,6927Afi479gdihejd4djdcb789cbb6g403eg4,47553A127416agah27e2fc43g535fbf8hj375j,24250Accdd91jffh4e4gigj4cida9da999ea93,Loyal Customers,Signature Twin Size Mattress,packaged vegetables fruits,produce,Signature Mattress,09/03/18 19:41,1.0
5,6927Afi479gdihejd4djdcb789cbb6g403eg4,49467A6ada6e19ad12e320i84he6cahbe8655g,38844A3eh064ig946fiihb0ib6ih519i89716f,Loyal Customers,Signature Twin Size Mattress,packaged vegetables fruits,produce,Signature Mattress,11/01/18 8:12,1.0
5,6927Afi479gdihejd4djdcb789cbb6g403eg4,49546Ad8g5eh91di6c191a7f64002ijie1f60h,10716A36242f65d13d881de785ade4c1c49539,Loyal Customers,Signature Twin Size Mattress,packaged vegetables fruits,produce,Signature Mattress,09/04/18 10:07,1.0
5,6927Afi479gdihejd4djdcb789cbb6g403eg4,52185A7dea04j50f6e82702f78eachf5fj1317,32385A7493fjcd9c4fa9h493f3bf7dc05053gg,Loyal Customers,Signature Twin Size Mattress,packaged vegetables fruits,produce,Signature Mattress,26/11/17 16:39,1.0
5,6927Afi479gdihejd4djdcb789cbb6g403eg4,54883A8513c44ii9gj713bigb539d1e6cid40b,1870A22j5f499h8edad4552gjcb7abid3bj59,Loyal Customers,Signature Twin Size Mattress,packaged vegetables fruits,produce,Signature Mattress,17/12/17 17:54,1.0
4,6927Afi479gdihejd4djdcb789cbb6g403eg4,56211A569e64707j7h501h2541f59chfgei10d,150A9aga2hbaj0a4149ig4i90ea7fe20488g,Loyal Customers,Signature Twin Size Mattress,packaged vegetables fruits,produce,Signature Mattress,25/05/18 18:06,1.0
5,6927Afi479gdihejd4djdcb789cbb6g403eg4,57711A2hbgiif2i334a3ffddhdjjg96bi890i6,25330Aj41bci2c74djh039d0c28c4149j42a0g,Loyal Customers,Signature Twin Size Mattress,packaged vegetables fruits,produce,Signature Mattress,25/11/17 0:50,1.0
5,6927Afi479gdihejd4djdcb789cbb6g403eg4,58437Ag9b36hc7jb8dg41hbb4g6697ibbhii04,15395A87ic2j094b8i3c45g4i07bdj6ee1f12g,Loyal Customers,Signature Twin Size Mattress,packaged vegetables fruits,produce,Signature Mattress,30/11/17 16:11,1.0
5,6927Afi479gdihejd4djdcb789cbb6g403eg4,59053Aa7g215bcc8ej54eade0i3ehegggife4e,27167Afcaf90333g0265i8fij66666g3bfci6d,Loyal Customers,Signature Twin Size Mattress,packaged vegetables fruits,produce,Signature Mattress,27/08/17 14:17,1.0
5,6927Afi479gdihejd4djdcb789cbb6g403eg4,60499A72jc2ff0b1e3g207f05280c4ea5h90h6,5956Aa3bc2a532g45c96a4ab5d482aji8327d,Loyal Customers,Signature Twin Size Mattress,packaged vegetables fruits,produce,Signature Mattress,01/12/17 14:05,1.0
5,6927Afi479gdihejd4djdcb789cbb6g403eg4,63244A6b277a05e8hc6b17f1d4c351197dd16a,37099A370a2b83ig20318h01ege48a9eigj1fa,Loyal Customers,Signature Twin Size Mattress,packaged vegetables fruits,produce,Signature Mattress,24/11/17 9:59,1.0
4,6927Afi479gdihejd4djdcb789cbb6g403eg4,65298Afej6eeb36f84iah3a02i32bei338j833,30602Aj0018fiefaa0b3icg345ge7201fe7087,Loyal Customers,Signature Twin Size Mattress,packaged vegetables fruits,produce,Signature Mattress,24/05/18 11:46,1.0
5,6927Afi479gdihejd4djdcb789cbb6g403eg4,65518A11403b2a91306j4abf9b807e8a1882a2,17613Ah449j0efbjf7cb50ij20dhgff781h599,Loyal Customers,Signature Twin Size Mattress,packaged vegetables fruits,produce,Signature Mattress,18/11/17 20:14,1.0
5,6927Afi479gdihejd4djdcb789cbb6g403eg4,65686Age7cjghhaci020beb2gefh41f3689aa4,17242A49c69gjiii4ej66bb25356298f4i13j8,Loyal Customers,Signature Twin Size Mattress,packaged vegetables fruits,produce,Signature Mattress,29/10/17 20:43,1.0
5,6927Afi479gdihejd4djdcb789cbb6g403eg4,68294Aiccciegjdcef4hg066c1g2igej03af07,8118Ag824jf571eb980fh3fh5e7ca5661a0j9,Loyal Customers,Signature Twin Size Mattress,packaged vegetables fruits,produce,Signature Mattress,18/01/18 22:31,1.0
4,6927Afi479gdihejd4djdcb789cbb6g403eg4,69167A06j2hg38fci8c2ee19fe0633a0345gd1,11783Aj05965j305412i6e5769j2chg810j610,Loyal Customers,Signature Twin Size Mattress,packaged vegetables fruits,produce,Signature Mattress,26/02/18 23:06,1.0
4,6927Afi479gdihejd4djdcb789cbb6g403eg4,73608A3jdd10469jghc8gch702f3cicc4cf8dj,9665Ah7ff0hb569ijhd06af74j5e7i833f9a6,Loyal Customers,Signature Twin Size Mattress,packaged vegetables fruits,produce,Signature Mattress,03/11/17 0:01,1.0
5,6927Afi479gdihejd4djdcb789cbb6g403eg4,76572Ah7286a4b1e3852i1gc083h0hfd1d0i54,10339Ajghe568d0c8i5ag2ich25e61g40e34bd,Loyal Customers,Signature Twin Size Mattress,packaged vegetables fruits,produce,Signature Mattress,19/12/17 13:04,1.0
5,6927Afi479gdihejd4djdcb789cbb6g403eg4,81577A3jd38e17fed82771d3higg0ib878dhg0,16419A25g899j92d8difj97954j1iahf6id2c4,Loyal Customers,Signature Twin Size Mattress,packaged vegetables fruits,produce,Signature Mattress,14/02/18 10:57,1.0
1,6927Afi479gdihejd4djdcb789cbb6g403eg4,81682A819e3d12fgaf8j1he07e07jjdc259270,37588Aghd490ejf7ejbh5dbcifa644b7407g7i,Loyal Customers,Signature Twin Size Mattress,packaged vegetables fruits,produce,Signature Mattress,20/12/17 17:18,1.0
4,6927Afi479gdihejd4djdcb789cbb6g403eg4,82405Ah4i64c0051j108c00c4927hheb23ha4f,31417Ai77i3jb93b8jf4eifdec6c3682884e28,Loyal Customers,Signature Twin Size Mattress,packaged vegetables fruits,produce,Signature Mattress,08/08/17 16:39,1.0
5,16929Aa037ic9321gjgh6j5ejga066gejddcha,86349A6cg0c222abh2c60eb9906fjbich92cj2,12672Ac8h0i1ecchi7816dj2726a08h0dj3i82,Loyal Customers,Dried Shiitake Mushrooms,more household,household,more household,15/03/17 23:17,1.0
5,22511Aj84bc54bg02c604c39b951e97046672h,44176A6116idg454j37hbh7aah4h7hjgba8035,12672Ac8h0i1ecchi7816dj2726a08h0dj3i82,Loyal Customers,Plain Breadsticks,crackers,snacks,crackers,18/07/17 8:52,1.0
1,22511Aj84bc54bg02c604c39b951e97046672h,44176A6116idg454j37hbh7aah4h7hjgba8035,12672Ac8h0i1ecchi7816dj2726a08h0dj3i82,Loyal Customers,Plain Breadsticks,crackers,snacks,crackers,18/07/17 8:52,1.0
5,25850A40085807ba81db976eea74b2d7cc02i2,52814A4d77ea5hc3hj9c8g05bd354f2jg8i1hh,12672Ac8h0i1ecchi7816dj2726a08h0dj3i82,Loyal Customers,Vegan Low Fat Spicy Southwestern Ranch Salad Dressing,salad dressing toppings,pantry,salad dressing toppings,04/12/17 11:02,1.0
5,29956Afajgd3h3d9gb3j3di4610d3jce4fb270,3256A6g8c6fe50g8679g06i83hh1438d0ijc8,27589Ahjhc111cf0hj1g49h795bdg152421gia,Loyal Customers,Roja Parfumes Luxe 3.4 oz,candy chocolate,snacks,Perfumes,28/02/18 21:17,0.0
5,29956Afajgd3h3d9gb3j3di4610d3jce4fb270,70370Ab501gfi6556h026edbd2070jih5i2b4j,32020A550b1a1ac5hehj28dc4120cge927jjjb,Loyal Customers,Roja Parfumes Luxe 3.4 oz,candy chocolate,snacks,Perfumes,16/11/17 17:42,1.0
5,29724Ag3g3b118efffd4cg94jc540iac9cfjc0,27119A2i7f6f8dc6bi6a2ja2eccj8135jhcc32,27589Ahjhc111cf0hj1g49h795bdg152421gia,Loyal Customers,Chorizo Hemp Soy-Free Tofu,tofu meat alternatives,deli,tofu meat alternatives,15/10/17 20:13,0.0
5,16507A8i6i587e5837ddbgi1i960c2ih259537,94626A8aie2a104bi354gd24421b952e86b706,1870A22j5f499h8edad4552gjcb7abid3bj59,Loyal Customers,Organic Superfoods Carrot Rice Cakes,baby food formula,babies,baby food formula,27/11/17 12:41,1.0
5,10603Adgbjg981j9bbd1ff3gbfhfc6b4c9idfj,91006A4g3f1jg774bed38a9he32022ebgj9cb2,41061A516gcgh3cd2ch7h4hg732eeej56ii388,Loyal Customers,93% Ground Beef,meat counter,meat seafood,meat counter,13/11/17 11:22,0.0
5,10603Adgbjg981j9bbd1ff3gbfhfc6b4c9idfj,39534Afcaa1eb55g1dagbcgce0ch5195j0j8d3,35538Afbgaef03fdc7e3g74jaa19hiffjjjjg7,Loyal Customers,93% Ground Beef,meat counter,meat seafood,meat counter,29/12/17 21:00,1.0
5,26445A2j901a57743jj159cf56jcde76a3ijg3,94745A8f9j9e6ah0gd0f4d9hd84j3ig7e3b1dj,32385A7493fjcd9c4fa9h493f3bf7dc05053gg,Loyal Customers,Apple Watch Series 5,salad dressing toppings,pantry,salad dressing toppings,30/04/18 11:21,1.0
5,28248Aa82587c91bc69fjd1cebahd4h8d30ff1,52743Af77bgi7i37af4726eih1dibejba898cg,17242A49c69gjiii4ej66bb25356298f4i13j8,Loyal Customers,Signature Twin Size Mattress,packaged vegetables fruits,produce,Signature Mattress,27/03/18 20:37,1.0
5,16375Aca41a3hh664h5bb26h71bc3ad04d5efg,13695Ab44fheg8df72ae5a0iheg3e1fjd5j1d1,31417Ai77i3jb93b8jf4eifdec6c3682884e28,Loyal Customers,Security Ultra Thin Long Pads,feminine care,personal care,feminine care,17/10/17 23:11,1.0
5,17289Ag3i790308c919e1d5a3bfh0edh0cj5ha,79147A652bj5gd89f338g520affi9a45j9i6fi,31417Ai77i3jb93b8jf4eifdec6c3682884e28,Loyal Customers,Natural Powder Long Lasting Deodorant,deodorants,personal care,deodorants,27/04/18 10:18,1.0
3,869Ajcbji4bcgcb99i6ecifha705i14d8619,12284A87b30b8eg0ihfdjfg5fh24091445059i,7113Ag6ce5j53fgf19j55cdcjg5e7a89e2g9c,Loyal Customers,Organic Mango Mania ZFruit and Veggie Rope,energy granola bars,snacks,energy granola bars,16/03/18 20:41,0.0
3,15496Aj3a09jj54bec8039j9e7hbh63f56ibh8,73187Abc6a894134hjb335451g65915j14ag00,19679A45fcif4f6cc8i053590f26g1f1aagc4i,Loyal Customers,"Off the Block, 4 Cheese Mexican",packaged cheese,dairy eggs,packaged cheese,19/12/17 18:49,1.0
5,17163A47b9dffihe0he5ifd08bc6c1d0f9bdec,66771A7j1j67524d11fcfe71hf04ed5e94ab0i,2624Ac1995018ehh11a83i8eag4g706a9h70c,Loyal Customers,Vitamin A & D Fat Free Milk,milk,dairy eggs,milk,02/07/17 5:29,0.0
5,17163A47b9dffihe0he5ifd08bc6c1d0f9bdec,96757A81805ggg85ah163b5jadbcgbga6g419d,13308Aih6g2640c687d4841dhdf2bjf7jh3a27,Loyal Customers,Vitamin A & D Fat Free Milk,milk,dairy eggs,milk,17/08/17 18:39,0.0
4,8125Aj2119b1aig5bjj3iji719iae6567hh19,6087Aa6f3g55ebc106aa6g2g4ebcjhjg0ad07,32385A7493fjcd9c4fa9h493f3bf7dc05053gg,Loyal Customers,Golden Roasted Turkey Breast Complete Meals,frozen meals,frozen,frozen meals,24/04/18 14:49,1.0
2,5318A9edba46bh82ie7174e3i502190c1dj74,79549A7f6g9f46182hae0hgh4g1624d1a46b55,41008A311chiga3241fe61aajj97d919896565,Loyal Customers,Organic Ginger Beet Kraut,pickled goods olives,pantry,pickled goods olives,30/08/17 11:08,1.0
5,20793A4g4168f3f4cb4hgj8h2e9b3gehd8fjbe,47240Ad51fh0gcd7ab8f5d9173gbb212ffd97i,24250Accdd91jffh4e4gigj4cida9da999ea93,Loyal Customers,Leather Wipes,cleaning products,household,cleaning products,14/05/18 20:13,1.0
4,7051A2026fe7b9id39d71h1f4b8ag7icja2gf,88498A3d16hd5e2d0aeh1h9ceg7ah1e4403gcg,41061A516gcgh3cd2ch7h4hg732eeej56ii388,Loyal Customers,"Happy Tot Banana, Peach, Prune & Coconut Organic Superfoods",baby food formula,babies,baby food formula,06/07/17 16:33,0.0
5,14615Ai7giab6cjcj8ffdd6fiag912ei4c7463,93753A73fagba1a1g02f0fhe6c9a060ji2b535,41061A516gcgh3cd2ch7h4hg732eeej56ii388,Loyal Customers,Ibuprofen Liquid Softgels,muscles joints pain relief,personal care,muscles joints pain relief,13/08/18 22:19,0.0
5,6827Acfh7883aaaa9f9j4gae7407e01bd337a,875Acce3j2449b0a850c7iac5ji8hh23989c,8681Ac9h76596bed695i09fa49aij361fa5d9,Loyal Customers,Imported Beer Bottles,Snakku,alcohol,Snakku,10/06/17 14:01,0.0
3,10630A09c37h4g7d16difdjgdia4jc7ceh2a10,76769Ah79bi35025a517e182je6579d0007987,7254A1d4a0ijfg40a28ggd59a29agg2ad2a4j,Loyal Customers,Columbus Applewood Ham 6 oz Shingle,lunch meat,deli,lunch meat,23/03/18 10:22,1.0
5,2732A8bg9if261j7g32f8ch6f37a472igjgaf,38621A56253e0a36hhfg31gb94dd7f6380352i,5168A566a6aag5578a9b394997205e1d68ic0,Loyal Customers,Gluten Free Pretzel Sticks,chips pretzels,snacks,chips pretzels,19/11/17 15:30,0.0
5,2732A8bg9if261j7g32f8ch6f37a472igjgaf,58032Agehfjajfa6b6674b88h30e813h786ihh,2917A14655d81ajg1b55jcb5278g6686f2fai,Loyal Customers,Gluten Free Pretzel Sticks,chips pretzels,snacks,chips pretzels,19/09/17 20:57,1.0
3,10787A5jdf5cfc2di7f274269f9c09di35iad5,74156Aj4fgcc9j12hcbe968796j1fhjj95j9cd,1870A22j5f499h8edad4552gjcb7abid3bj59,Loyal Customers,Soft Flour Tortillas,tortillas flat bread,bakery,tortillas flat bread,18/01/18 12:55,1.0
4,10787A5jdf5cfc2di7f274269f9c09di35iad5,25870A20427288feeg70e1cha34789i6dj989d,4133A472id1egii51ade7b200d5aj88c2a05f,Loyal Customers,Soft Flour Tortillas,tortillas flat bread,bakery,tortillas flat bread,10/01/18 22:25,0.0
4,28906Aj23hd3340j938ijihdh100jb49hj3gac,58930A7f7i3dc9d9dc3hhi228370g977hd6bdj,37845A003a3c5a1a8ec5c4h1ii6ffcd158f698,Loyal Customers,Kale Blazer Juice,Candy Club,beverages,Candy Club,20/11/17 14:20,1.0
5,19316A05bib729h99i5g76d49iba9b42ifg9id,1520A48i32fi3214i1890jgafh3ag31c0150c,38408A4e38fejaheda5335c1h019j9g36i9i80,Loyal Customers,Permanent Hair Color Dark Chestnut Brown 3N,hair care,personal care,hair care,17/07/17 22:37,3.0
5,18756A55d64e7cg448d67b55fb624fi8700jj3,38790A463defa2ahedb60e8cg77h43jcj0a67g,14585A8f8ggjddi000484f7361g4ch4d20ea2i,Loyal Customers,"Linguine No. 7, 100% Whole Wheat",dry pasta,dry goods pasta,dry pasta,22/11/17 18:22,2.0
5,31607Ad63i0bg7754134ib13j6fbc8a00c0604,54920A10j327ff0f74ii1f452dj8gh3db5fgc7,14585A8f8ggjddi000484f7361g4ch4d20ea2i,Loyal Customers,Aloe And Green Tea Foaming Hand Wash,body lotions soap,personal care,body lotions soap,08/10/16 21:04,2.0
5,12327Ajff5jhh26igfa0eb387fhi4477f0fgjg,20287Ad00d82a54f7ih53382175h7j62h9b9h4,2265A767jdg9ai1e4j9c27bfj803hf50g9807,Loyal Customers,Chicken Condensed Consomme,kosher foods,international,kosher foods,24/10/17 21:38,0.0
5,12327Ajff5jhh26igfa0eb387fhi4477f0fgjg,86203Abec9b3f56978fd0eg91gd83788bc4jf6,8687Agacbfb0gi835adg1gd504948f9424e45,Loyal Customers,Chicken Condensed Consomme,kosher foods,international,kosher foods,25/10/17 11:52,1.0
4,25013A0h09b9374e003976bh8hj288923274b2,73409Aeg38di34a8jhce087f4dc5gda852bf84,33453A3j43dd546a15d5h639b4bgh15ef3bfa3,Loyal Customers,Unsweetened Elegant Jasmine Green Tea,tea,beverages,tea,04/04/18 0:20,1.0
5,7208Adii4ej1hajbbi8ic8h4c8b0g9c564fh2,26056Aa4j40754ge4b1i0ji16h5i39eaa353f2,24103Aiifjhadeebjcf564794gjcgiaa9ddih7,Loyal Customers,Original Kids Shampoo,hair care,personal care,hair care,13/02/18 11:58,1.0
5,7208Adii4ej1hajbbi8ic8h4c8b0g9c564fh2,39534Afcaa1eb55g1dagbcgce0ch5195j0j8d3,35538Afbgaef03fdc7e3g74jaa19hiffjjjjg7,Loyal Customers,Original Kids Shampoo,hair care,personal care,hair care,29/12/17 21:00,1.0
5,7208Adii4ej1hajbbi8ic8h4c8b0g9c564fh2,60499A72jc2ff0b1e3g207f05280c4ea5h90h6,5956Aa3bc2a532g45c96a4ab5d482aji8327d,Loyal Customers,Original Kids Shampoo,hair care,personal care,hair care,01/12/17 14:05,1.0
5,7208Adii4ej1hajbbi8ic8h4c8b0g9c564fh2,18821Acfgej26d14i3g8i615gdajh79b50c082,30602Aj0018fiefaa0b3icg345ge7201fe7087,Loyal Customers,Original Kids Shampoo,hair care,personal care,hair care,02/04/18 15:37,1.0
5,7208Adii4ej1hajbbi8ic8h4c8b0g9c564fh2,44523A5ihadd4chad29fc7i759jd96gf8jhghh,16419A25g899j92d8difj97954j1iahf6id2c4,Loyal Customers,Original Kids Shampoo,hair care,personal care,hair care,02/10/17 9:04,1.0
5,28326A26c64370a8441a9bfi958hd6i4ee2b0d,16625A4gh9ede331345dfhh5hjg9f75jge59dg,5956Aa3bc2a532g45c96a4ab5d482aji8327d,Loyal Customers,16inch Macbook Pro -2.6GHz Intel Core i7,ice cream ice,frozen,Apple Macbook,05/05/18 2:17,1.0
5,14510A2a4h0f1460bgiig9e22chhjfh2a7jb83,50976Ac2135b4i7fgbhghb3ac12d74fi8c904e,6257A4339b2621c6860ih044ce682bejhea78,Loyal Customers,Pure Earth 100% Pineapple Lime Juice,canned fruit applesauce,canned goods,canned fruit applesauce,16/05/18 15:38,3.0
3,4179Aha8jh9j3b2g1b0egga626f965g781f12,71849Aa0jbh1b5f7f82326019ig00diggc40fd,9235A40di89jab273g9j2ief52b56h8b5353d,Loyal Customers,16inch Macbook Pro -2.6GHz Intel Core i7,ice cream ice,frozen,Apple Macbook,06/12/17 0:04,1.0
2,15979Ae992036ej3jd4745363heg7e6gea86gi,14468Abgi16a4j1j43b5hj45h72539g80fc866,9665Ah7ff0hb569ijhd06af74j5e7i833f9a6,Loyal Customers,Extra Sharp Cheddar Cheese Block,packaged cheese,dairy eggs,packaged cheese,18/03/17 18:00,1.0
3,17107Ajaeff6h2i0905dg3bc3f1ddd0231j2e7,10639Ae50jja163h86f941c7a9iej973759d73,150A9aga2hbaj0a4149ig4i90ea7fe20488g,Loyal Customers,Perfect Food Alkalize & Detoxifier RAW Organic Green Super Food,FitSnack,other,FitSnack,15/04/18 16:59,1.0
5,26584Ah76dbe0bdd77ddbe2faj56d0gij33dj4,21522Abhaa1hec721bi8f3ja1cc894ig51ef93,21491Agbccib6hjf1hiaj1712bh2518b1g4g2f,Loyal Customers,SensorExcel Blade Refills,shave needs,personal care,shave needs,01/05/18 16:05,3.0
4,11684A1dag3d5ddaha14c7cieih0g462jjab76,85574Ac383ddhaa83467a30c7bgeh08hb2189j,29553A4h8833j2g66d6j764b88h578g2jfb305,Loyal Customers,Rice Cooking Wine,asian foods,international,asian foods,05/06/17 12:53,1.0
4,5253A2270g5j497i2hb7fh5536a40dcj09i27,40452A5aj862c563610fe3153941317ff7e1a8,36803A539613jca2cb3ecb9cb2d12b46h8g84f,Loyal Customers,Storage Bags with Click 'n Lock Double Zipper (7 in x 7.75 in),food storage,household,food storage,30/06/18 22:59,1.0
5,20110Ai2jbhde91b6iajf091h5ge6958fb9i9e,24170A9f76h70a48a9ef6ea6bf135a20d8fh0f,10716A36242f65d13d881de785ade4c1c49539,Loyal Customers,Omeprazole Acid Reducer  Tablets,digestion,personal care,digestion,27/06/17 11:17,1.0
5,25222Aj5f7g8j1h72f22bi4g9b6412a6gfg1di,44981Ajg0a980aacic6i3h2eh7j2ig7fd2i5hj,7254A1d4a0ijfg40a28ggd59a29agg2ad2a4j,Loyal Customers,Essentials Concord Grape Juice Cocktail,juice nectars,beverages,juice nectars,03/08/17 22:05,1.0
5,18628Ahib37ihdff8ad41gh305g7bd364gj4ga,35789A5c073e8c65965i301jd0a47jhb95fe56,24516A11ag42a86ihedg32d640e81cjig87j5h,Loyal Customers,Organic Volcano Rice Ready To Eat Bowl,ZenPop,dry goods pasta,ZenPop,28/02/18 19:39,1.0
5,1480A27gjhe73hb145bece3515gdhbbh61c51,10004Aj059acg4ef8fi0j5g1c57245200cja09,37666Aa76i0281b34i455jc7j67h55hfjcgb01,Loyal Customers,Ground Hazelnut Creme,spreads,pantry,spreads,02/05/18 22:36,0.0
5,1480A27gjhe73hb145bece3515gdhbbh61c51,81523Aced72e2h4ba3g70cabb997jih7ehi965,27031A6j262bei4a668e99d534iaib6dj476fg,Loyal Customers,Ground Hazelnut Creme,spreads,pantry,spreads,09/10/17 15:07,0.0
4,25545A02d6hb5d91i8hbg445663dfhj7d73g9g,92652A828ejj5d96327hcge5h67d54h2ec97ia,19679A45fcif4f6cc8i053590f26g1f1aagc4i,Loyal Customers,Raspberry Gelatin Dessert,doughs gelatins bake mixes,pantry,doughs gelatins bake mixes,18/01/18 12:55,1.0
5,7166Ab63777h851ebg852d6i81c0hjd728319,78978Ae3c62ceb4hj80ggc441d9gc7496522e0,26720Ai718121351jhjjdcf8b06h958jcig35b,Loyal Customers,Homemade Style Pizza Sauce,MunchPak,dry goods pasta,MunchPak,05/03/17 20:49,5.0
5,2312Abbgg4h9hdg32jei6bh319jf8c3b083eg,53436Ag6ha80edh3i69ce4j2067ae05dff4gd7,8729A3jgj61ba0709c4gjfbh315jef15619ji,Loyal Customers,Organic Miso Ginger Dressing,salad dressing toppings,pantry,salad dressing toppings,08/09/17 23:31,0.0
3,22730A173eiha8ci2f6gj70jf1ei93d160731f,73631Acj0557b3ed40haj4a1ei5ij17da8dffh,9235A40di89jab273g9j2ief52b56h8b5353d,Loyal Customers,Singles 1% Lowfat Cottage Cheese,other creams cheeses,dairy eggs,other creams cheeses,12/06/18 20:30,1.0
5,6706Ab38e1ba7j80abj76hd4hh54a97jidj9j,34078Ahfii3f4jdg52idab1da2b05ag8cgfh8j,18766A9jhf145504gi33fb6bd4aacc8hg2f418,Loyal Customers,White Cone Style Coffee Filters Size 2,coffee,beverages,coffee,14/06/18 10:19,3.0
5,26942Ad40ajfgb6147544ddjbfb5jc26h8c80i,59128A5771bag304bj5jhic2g39c686ii36jdb,25731Aia52c38f9d5b9b0cgba9972e3g5aeed9,Loyal Customers,Whitening Toothpaste with Tea Tree Oil,oral hygiene,personal care,oral hygiene,26/12/17 14:57,1.0
5,25036Achecb82e55chc27c9cd5d3eabgeh9h91,41964A4j77baii8582efeghbej601fi8ai6h88,33278A4516h9a7554c49i3gai2821c979afaa6,Loyal Customers,Organic Almonds,nuts seeds dried fruit,snacks,nuts seeds dried fruit,20/03/17 21:53,1.0
5,25806Aj65e2gi6j0hde532a0dd0696b9d6d952,76176A4958j9hch8a5e66ga5chcf1h23978bd2,8994Ac491b85f7a26j19e3c1icdai3986i8gg,Loyal Customers,Anticavity Fluoride and Antigingivitis Fresh + Whitening Gel Toothpaste,oral hygiene,personal care,oral hygiene,29/07/18 14:09,2.0
4,13878Ai9g1789b9db97f09jbh768g9ch65iebd,95002A89bdeib50f81hc5j9fa5j7i8d0i3028d,2265A767jdg9ai1e4j9c27bfj803hf50g9807,Loyal Customers,Daily Grind Black Peppercorn,spices seasonings,pantry,spices seasonings,23/10/17 16:21,0.0
4,4329A8a3363b92f84c32gcd4ha59j2ic8jihg,72817A126f35jiji78821gh70fd144djj65ff4,10626Ag1d3507iijg8j733f338536i85j26470,Loyal Customers,Yellowfin Tuna in Pure Olive Oil,canned meat seafood,canned goods,canned meat seafood,06/11/17 14:28,0.0
1,11196A255h12ecijc50d724g56888fhi4a455d,90893A81gdb6fi5027g47gj912bc9cha18efeg,2799A50deg30fb0da5j5317h601h7g76069fg,Loyal Customers,Potato Chips Salt 'n Vinegar Flavored Family Size,chips pretzels,snacks,chips pretzels,21/01/18 13:28,2.0
5,7330Af5i3eg03865ig5dc912a33b18c3h9eh1,3346Aj78b1bbia53i881425122j04a347171g,23407Ad81ccgha1dhbh6a4eb582i1c9ej7djj7,Loyal Customers,Multi Grain English Muffins,buns rolls,bakery,buns rolls,15/08/17 7:55,6.0
3,7330Af5i3eg03865ig5dc912a33b18c3h9eh1,3346Aj78b1bbia53i881425122j04a347171g,23407Ad81ccgha1dhbh6a4eb582i1c9ej7djj7,Loyal Customers,Multi Grain English Muffins,buns rolls,bakery,buns rolls,15/08/17 7:55,6.0
5,229Ai10aiccf2jh59cg443e963gfe765a2gg,65Ag14c1b9h2i0b9cd2jd0cd22jfhb09ie7,8687Agacbfb0gi835adg1gd504948f9424e45,Loyal Customers,EcoNet Recycled Bath Sponge,skin care,personal care,skin care,02/05/18 11:59,1.0
5,28555A347e66bb00f9e5f585j06633ab056ii3,55558Ab3ihegjebd20j9aa0cc592938ebade89,7254A1d4a0ijfg40a28ggd59a29agg2ad2a4j,Loyal Customers,Coconut,fresh fruits,produce,fresh fruits,18/02/18 20:45,1.0
5,22335Ahdf0e1ieb7iib2d3ig6ib5jgdb8aiaad,38007Afgjgg0bc4dc9hjf07gfebd68e5e0dic6,8295A9g7h405ab1e9h655jcg1g88a8aieh0if,Loyal Customers,Sliced Italian Bread,bread,bakery,bread,22/03/17 10:57,1.0
5,10180A8072437870615j13a2h8hbcg24g6dfh4,95268A7h89h3db4dc8b9a3b4ajih37i93e2775,32020A550b1a1ac5hehj28dc4120cge927jjjb,Loyal Customers,Popped Salted Caramel Granola Bars,energy granola bars,snacks,energy granola bars,01/10/17 22:22,1.0
5,27619Aibgebh460edaea26156h8755d89dagg0,49434Ajg626h9e70i48ggg06264hi3f20d127f,32020A550b1a1ac5hehj28dc4120cge927jjjb,Loyal Customers,Cilantro Lime Salsa,preserved dips spreads,pantry,preserved dips spreads,11/01/18 11:17,1.0
5,31476Afg2354dc44bfe02b5dd849630h8ddaff,15479A5e75j0hedgg08ai5e8egb55hg82gfc40,4133A472id1egii51ade7b200d5aj88c2a05f,Loyal Customers,"Measure Cups, 4 pc",kitchen supplies,household,kitchen supplies,01/07/17 20:23,0.0
5,2961Aai23j5hic33h0hf0d2ifa31g68640iig,15929Ag7c84ifh06bg9548g6ibahb701ia3b1j,1146Aed0g63d75gfjb85e9bi610g6c314ga47,Loyal Customers,Pink Salmon,canned meat seafood,canned goods,canned meat seafood,22/04/18 14:56,6.0
5,2316A2hg83faa32b47ga8ecfeg35i5913291j,39167Abj4eg52h8jb57f0bd06cg15j87daeiac,27441Ah1f16hgbhch9cg2d37j302e8ajj738b3,Loyal Customers,Super Colossal Pimento Stuffed Spanish Queen Olives,pickled goods olives,pantry,pickled goods olives,03/01/18 23:21,1.0
5,12167Af377agcfb098dg21aai27f5f34778d62,3406Ad48bje55b3b1ib4e8jg4f1i59i5b4a59,10339Ajghe568d0c8i5ag2ich25e61g40e34bd,Loyal Customers,Dry Spray Sensitive Antiperspirant,deodorants,personal care,deodorants,01/05/17 19:40,1.0
3,19434Ai61hjjj2fhf6i705bbfgba44fccfa0b8,63872A0fj6h0224ehb069d25c21e0566f8b9gi,2799A50deg30fb0da5j5317h601h7g76069fg,Loyal Customers,All Whitefish in Liquid Broth,kosher foods,international,kosher foods,07/02/17 13:37,2.0
1,7271A263caie44994h62bj65a9ehf39daj80j,55095Ai35e78ec402ig81df8026814ef0ae857,2917A14655d81ajg1b55jcb5278g6686f2fai,Loyal Customers,Taco Flavor Tortilla Chips,chips pretzels,snacks,chips pretzels,31/08/17 20:54,1.0
4,28805A68d4023ice5idgb699a02h58bf17jh8j,2116Af58bcj5d26g21aee46hd5g2j95j89djj,12981Aeh3ie33dg4b179hgie6e1f4hh1i88igc,Loyal Customers,100% Pure Corn Starch,baking ingredients,pantry,baking ingredients,10/04/18 15:25,5.0
5,7508Ah288cg2hjf9af1d176ee9ibba5d9cbbf,82848A0ggbj128fe731c1d5bj6j24511cc572i,33453A3j43dd546a15d5h639b4bgh15ef3bfa3,Loyal Customers,Organic Decaf Black Tea,tea,beverages,tea,28/05/17 19:15,1.0
5,16854A08j98g84ac9aj214e9afh2je15d93eab,36372Ahc164fa1047cihh49bbfi7f3jaefj5h5,16419A25g899j92d8difj97954j1iahf6id2c4,Loyal Customers,Creamy Tomato Vodka Sauce,MunchPak,dry goods pasta,MunchPak,24/04/18 20:17,1.0
5,12822Ah2bi136ahb8f5i0if6d916gdg568d3f5,26829Ac8g7aj21f8f8e3j72gccje6f23b92a44,7113Ag6ce5j53fgf19j55cdcjg5e7a89e2g9c,Loyal Customers,Pureed Baby Food Strawberries Carrots,baby food formula,babies,baby food formula,03/07/17 20:29,0.0
3,14741Aj8hb176cc4i7f2534behbcf6c8cc4h8d,93555A70h6egaej49ec58f1h3e81ec7393j7b8,5168A566a6aag5578a9b394997205e1d68ic0,Loyal Customers,"9\"" Pumpkin Pie",bakery desserts,bakery,bakery desserts,08/12/17 10:17,0.0
5,23188Aeij628j8fi38379e61d0hg3ibi7d6f4a,34953A9d5e51cdf15jg7h8jf9bg7f99b158cf0,37845A003a3c5a1a8ec5c4h1ii6ffcd158f698,Loyal Customers,Signature Twin Size Mattress,packaged vegetables fruits,produce,Signature Mattress,25/11/17 1:17,1.0
4,5641Aeic20013gbi22d5dg6hja888gj7f7j7a,75781A31a8i68ei589dc8a09a8343b3idj01gc,5129A3b08jaj8d75hifai84cg5b5443b28301,Loyal Customers,Cinnamon Cardamon And Ginger Cultured Butter,butter,dairy eggs,butter,22/08/18 11:04,3.0
5,19435Ahia9d4hgb5b4f5d756hedhjh8ihfij7h,24613Ac30j5gh6ai59062e6cb8g99cic972695,25330Aj41bci2c74djh039d0c28c4149j42a0g,Loyal Customers,Cleansing Cloths,paper goods,household,paper goods,29/07/17 2:05,1.0
3,21513Aji35e0hc1d8a7hddhh35a258afe801ge,83214Acdb22642bg9bgb37gf2egc3i88164j7a,18766A9jhf145504gi33fb6bd4aacc8hg2f418,Loyal Customers,Heart to Heart Honey Toasted Oat Cereal,cereal,breakfast,cereal,09/04/17 10:46,3.0
4,14494Ad04af59adfdgj8gi6i63g3bcj8jf6b2c,6272Ajf8jed0j79jj025geef95205hje8022g,22431A59686ifa3d72h43hcgbc6fh8672jd952,Loyal Customers,Basic White Paper Towels,paper goods,household,paper goods,17/05/17 12:16,1.0
5,20471A93j535289be2g59ed31ha786a1e0f81f,2075Ahhbcg7cie1ceg7aj73489e3ec1e6i3c0,14559Af9c729je60eefe11cddj39j27jc38g79,Loyal Customers,Cheddar & Bacon Loaded Potato Skins,frozen appetizers sides,frozen,frozen appetizers sides,17/06/18 17:08,1.0
5,18307Ade7a9c0484392i4e928e3cb100c1bhc9,40273Aj167fb3dij3dce8f5f6bjd2g683dg32j,25330Aj41bci2c74djh039d0c28c4149j42a0g,Loyal Customers,Bonded Filters,coffee,beverages,coffee,02/09/17 14:15,1.0
5,10909A04aa0cj047dje2chgdjg82h4icg6gj46,95949Ae52ea466hjd9gc390eecg8c455f63a8a,15179Ah0bfbh5601h5efjgec9iae214jea1hfh,Loyal Customers,16inch Macbook Pro -2.6GHz Intel Core i7,ice cream ice,frozen,Apple Macbook,14/05/18 9:29,3.0
5,17646Ahg8age3bbfag72497dhafia89428h2j0,41947A943iij9b6aj1e9d5a2e667a72ca1gf0j,10716A36242f65d13d881de785ade4c1c49539,Loyal Customers,Light Tongol Tuna In Spring Water,canned meat seafood,canned goods,canned meat seafood,20/07/17 15:42,1.0
5,22559Aj425g3ba5geje598jfabj62jg4d64580,8422Ac6996702jahgh8ie95e25fd7193ejcd5,23669Aj8a4070bed26bgge9a63hh8c2d34hdjb,Loyal Customers,Kitchen Cheese Enchilada,frozen meals,frozen,frozen meals,28/11/17 0:06,2.0
1,3005A8214jfgifa5ha4cf637881gi8a1f91hj,81101Addi14ddj0h2d910b87962h5b227d56g4,37845A003a3c5a1a8ec5c4h1ii6ffcd158f698,Loyal Customers,Soak Proof Foam Plates,plates bowls cups flatware,household,plates bowls cups flatware,13/03/17 11:03,1.0
4,3006Ahfh6c1g9h6963035ahh0d1hh3b0a7c58,64752A86d0995200256i39g5002eigef73gg8b,2917A14655d81ajg1b55jcb5278g6686f2fai,Loyal Customers,Original Vanilla Pudding,refrigerated pudding desserts,dairy eggs,refrigerated pudding desserts,17/05/18 9:48,1.0
4,3006Ahfh6c1g9h6963035ahh0d1hh3b0a7c58,15010A1jig855a0h6cdj1eaeif3cj7j088hfd8,12981Aeh3ie33dg4b179hgie6e1f4hh1i88igc,Loyal Customers,Original Vanilla Pudding,refrigerated pudding desserts,dairy eggs,refrigerated pudding desserts,17/05/18 16:37,5.0
5,30839Ah1gjbjc1bjgag7ii9h430b923569e19b,37723A28a5j9g022g3f30492h6hf8jja9a8c45,8295A9g7h405ab1e9h655jcg1g88a8aieh0if,Loyal Customers,Homestyle Breaded Chicken Breast Tenders,frozen appetizers sides,frozen,frozen appetizers sides,10/03/18 11:31,1.0
1,16334Af53ch7ci72cebj26a0g9b8ej0bb7707e,45976Ahi0b0j4ah91i1ad545j42e8g70288i91,11783Aj05965j305412i6e5769j2chg810j610,Loyal Customers,Dill Relish,condiments,pantry,condiments,22/09/17 18:14,1.0
5,9446Aj3f43cf0fh74a4iecbi4ffejd2a8b96g,12489A2iagb0jdcfj9jd2f8g62b78i2f3ea170,8994Ac491b85f7a26j19e3c1icdai3986i8gg,Loyal Customers,Classic White Dessert Plate,plates bowls cups flatware,household,plates bowls cups flatware,13/01/18 10:28,2.0
4,9446Aj3f43cf0fh74a4iecbi4ffejd2a8b96g,60655Ad961adgd5ech3f992ifd9808eaa3b722,33167Ad83e2689agdh474c9egj98784gihch9f,Loyal Customers,Classic White Dessert Plate,plates bowls cups flatware,household,plates bowls cups flatware,12/01/18 14:09,2.0
1,6735Aaagd2ag69baf45f6bi2ef82af7idca06,49635Afjc5d4d5idibdh493b51gagc2djijji0,31695Aj1bbih48545538b6b856f3ag00g5d627,Loyal Customers,Applesauce On The Go Apple Cinnamon Pouches,canned fruit applesauce,canned goods,canned fruit applesauce,16/06/17 14:29,3.0
1,16313A23d5096eg4hjdgdaj9h8jg0fbj78eih1,39515Ae691e814ic692bfc7ie9bf2067f5ib38,9570A9i49b6b22afcde3gc2di322jbbid2505,Loyal Customers,Organic Just Apples,fruit vegetable snacks,snacks,fruit vegetable snacks,24/06/17 18:31,1.0
5,2618A8fibgai1ie1h56h46j165f072ghfgf9h,89602A569bj82h6bi73014hbii3a26i40e835d,37099A370a2b83ig20318h01ege48a9eigj1fa,Loyal Customers,Extra Hold Non-Aerosol Hair Spray,hair care,personal care,hair care,12/07/17 0:49,1.0
4,1985A0c67b6f66526e5089ge80ihji97e581a,156A9a70i5gchde5dihe1hb4haij87h1g6j5,38408A4e38fejaheda5335c1h019j9g36i9i80,Loyal Customers,Ready Crust Shortbread 9 Inch Pie Crust,baking supplies decor,pantry,baking supplies decor,14/05/18 13:44,3.0
1,26102Ai77424j27i7ced06054576bcgh2d3e15,1264A9b628j6f01aib39ficdhhfc1g54g8acd,38408A4e38fejaheda5335c1h019j9g36i9i80,Loyal Customers,Kids Oatmeal & Chocolate Chunk Snack Bar,energy granola bars,snacks,energy granola bars,25/03/18 18:27,3.0
5,3142A329ccfggj899630gcbab35c04eg13d66,32278A935a88112a3ja330hc54h0h5023b73fd,27167Afcaf90333g0265i8fij66666g3bfci6d,Loyal Customers,Organic Short Grain Brown Rice,grains rice dried goods,dry goods pasta,grains rice dried goods,29/05/17 11:39,1.0
5,8746Acceif5af9jbchd4e2230cfh2451bae8b,16296Acia6fd3e3jg4hh5ceaeahj6cc92f714f,9570A9i49b6b22afcde3gc2di322jbbid2505,Loyal Customers,"Olive Oil Canyon Cut, Sea Salt & Cracked Pepper Potato Chips",chips pretzels,snacks,chips pretzels,06/02/18 16:57,1.0
5,10203Ahf63eb9cac6cf1jc5cb94h0hc5a90be7,66766Aig6jb80djcj2hddb5a0a6e2528iga23d,4133A472id1egii51ade7b200d5aj88c2a05f,Loyal Customers,Garnishing Bag Bouquet,more household,household,more household,20/03/18 16:41,0.0
5,28294A18b04835e356b64eaj4f7bege0d767bj,8645Afj4a5b1d930fcbdi68aje3j910ehif2b,27167Afcaf90333g0265i8fij66666g3bfci6d,Loyal Customers,Candles Birthday White,FitSnack,other,FitSnack,03/07/17 14:03,1.0
5,10113A9eff3j5gac57jdh5gbiea45c878dbf1h,3424Ab67i6b8c2hc4h6h0e665hiec9c48jbg5,27664Agha67dge7e0fjfebag001j8fg31g233a,Loyal Customers,Soothingly Sensitive Aloe & Buttermilk Body Lotion,soap,personal care,soap,24/11/17 18:30,1.0
5,4451Aihf5e6i9g61jed00ee772a8g96j2ibg2,64295A0h2a824c707hc21c08d9e6j6idbe4j05,26720Ai718121351jhjjdcf8b06h958jcig35b,Loyal Customers,Organic Skim Milk with DHA Omega-3,milk,dairy eggs,milk,12/09/17 12:43,5.0
3,2582Aaie5ba8iic0b1ec6eie3ei1d60gffj41,28040A87h0i659gd8j2g349h18c6c7ae6jhe7j,37666Aa76i0281b34i455jc7j67h55hfjcgb01,Loyal Customers,Soda Ginger Ale,soft drinks,beverages,soft drinks,26/11/17 18:19,0.0
4,10758A102b46436gj16jdjdf9j8918gihc5i4g,8419Ad4c08be9dhggg304514j9ifcj1d41f21,35704Ab5jda45j7d0ga0cc9afbeg8d243598d0,Loyal Customers,Blueberry Sparkling Water,yogurt,dairy eggs,Protein,26/06/17 10:15,6.0
1,411Ajgj5h932dcfec5gh05gg03a5db703ich,53855A9b5986i5fbd3e018g31hj65gcj7cc5i6,8681Ac9h76596bed695i09fa49aij361fa5d9,Loyal Customers,Super Plus Cardboard Applicator Unscented Tampons,feminine care,personal care,feminine care,18/10/17 12:56,0.0
4,11484A87f56gd23ja42f75j2jd35415fg916c4,84516Abi41ie34h1cg777c25bfj49387j4j64g,6257A4339b2621c6860ih044ce682bejhea78,Loyal Customers,Vanilla Almond Builder's Bar,energy granola bars,snacks,energy granola bars,29/07/18 21:45,3.0
5,15756A67g5ih5di1bfh497gfacg570dc1df2cd,35618Ajabd297bb707a016jccij0412467edic,33167Ad83e2689agdh474c9egj98784gihch9f,Loyal Customers,Riserva Triple Olive Puttanesca Pasta Sauce,MunchPak,dry goods pasta,MunchPak,11/05/17 8:38,2.0
5,1032Agd46h528ihd0bd0gg5g4325f67f65ch8,74308A0gac394e8i607fbh1340be0ha94cg53c,24250Accdd91jffh4e4gigj4cida9da999ea93,Loyal Customers,Fat Free Crumbled Feta,packaged cheese,dairy eggs,packaged cheese,02/12/17 7:55,1.0
1,30468Ajb3344fe43j19f2a458h4ehh4jhijj1a,89482A6f26b3je3ej26bagg14h72j4fc4d8af4,37099A370a2b83ig20318h01ege48a9eigj1fa,Loyal Customers,Ready To Drink Chocolate Fudge Dietary Supplement,protein meal replacements,personal care,protein meal replacements,12/06/17 21:43,1.0
5,32025Aaj3e28h00cig2d9bac050bb402h0gb47,95344Ad3gij80gge94cdd5b8c1j5i0c3f394dh,29553A4h8833j2g66d6j764b88h578g2jfb305,Loyal Customers,Pizza Pepperoni And Mushroom,frozen pizza,frozen,frozen pizza,15/08/18 10:14,1.0
5,13208A3c6295c29hd99h66cjgfbh21e5jab4ij,43040A90h00d2e6jhb2640fb3h3ja7d3fa1h3a,15229A1c9100844i1ajb752i2iaje5hih649d6,Loyal Customers,No Salt Tomato Ketchup,condiments,pantry,condiments,22/10/17 13:02,1.0
1,23876Ab8j212hjfcj69fj46570cg0e3fif2h9g,61410A59f755g26a63d95h7h657iejag03cha8,15229A1c9100844i1ajb752i2iaje5hih649d6,Loyal Customers,Chunky Beef Meaty Ground Dog Food,dog food care,pets,dog food care,08/03/18 16:11,1.0
5,30590Af95aiiidgbcgch5ch53bic3ef1598hed,14367Ab1ejid3jh5f4513eh5h3hg3gcj4a7b9g,15229A1c9100844i1ajb752i2iaje5hih649d6,Loyal Customers,Ezekiel 4:9 Sprouted Grain Spaghetti Pasta,dry pasta,dry goods pasta,dry pasta,30/04/17 16:22,1.0
5,9622Ah9ce0iba5628ca76g8i5ija8c2di54i0,14937Ajg8b36df971bgd53d954f21083fj3j9a,14240A6a54f7aj70j098231dha159c1hjeh2i0,Loyal Customers,Blackberry Wine,specialty wines champagnes,alcohol,specialty wines champagnes,17/02/17 19:52,6.0
5,18401Acab6cje47gg957jf1i2j3icj9g6e06j5,4174Ae99j4e2cb64c9jf0i7eci2gg06d8i53f,11613Agdda814h4c96795f0f3e4dh6jei394gj,Loyal Customers,Kids Daily Probiotic Natural Fruit Gummies Dietary Supplement,digestion,personal care,digestion,04/02/18 18:00,1.0
4,19787A9j8he843e5djaa1id6297hd12cf06b99,48766Aa00f0d468144fgiad4939bfje3ge74jf,14193Aj49d8gef81eg2cb44ajjjbdb4gjifj7c,Loyal Customers,2nd Foods Bananas with Apples & Pears,baby food formula,babies,baby food formula,09/08/17 16:19,1.0
4,9055Ac9ieg9aj2i5ija07f7c226cd68b1j4cf,23854A595254f6ga75885805cc6eb20fdg0bc1,14193Aj49d8gef81eg2cb44ajjjbdb4gjifj7c,Loyal Customers,Blueberry Sparkling Water,yogurt,dairy eggs,Protein,07/02/18 22:57,1.0
4,5858Ag3ch511ae4i6i5e9j421181ef0ii8748,73248Ai84ca18f282i100eci0j3aej53b88657,33278A4516h9a7554c49i3gai2821c979afaa6,Loyal Customers,Three Sisters Chili,fresh dips tapenades,deli,fresh dips tapenades,14/05/18 20:50,1.0
4,2586A273b909a18842eej2f9966c5g9119ggd,35965A15bd123jg6040h56f3412985813dab20,16606Aj9cjh29f1e49he2i0di6iff6h7c43j24,Loyal Customers,Original Essence All Purpose Seasoning Blend,spices seasonings,pantry,spices seasonings,14/09/17 18:02,1.0
5,18694A61ag1dfa4ifec938ie20j3i4e7da8d0j,77940A51j307h4j1j0920ii05i20933jegf5fd,41008A311chiga3241fe61aajj97d919896565,Loyal Customers,Mandarin and Seville Orange Jigger,juice nectars,beverages,juice nectars,05/09/17 16:05,1.0
1,2568Adb3c570b660hc5h1g2j316h00401j01a,41367A74b8i0dd982ih101e2011jhc3d2g6f12,27664Agha67dge7e0fjfebag001j8fg31g233a,Loyal Customers,Signature Twin Size Mattress,packaged vegetables fruits,produce,Signature Mattress,16/02/18 13:38,1.0
5,11323A0b3j5f1f45g3ifhhifj2c91fdg2ag86c,3424Ab67i6b8c2hc4h6h0e665hiec9c48jbg5,27664Agha67dge7e0fjfebag001j8fg31g233a,Loyal Customers,Medium Roast Extra Bold K-Cup Packs Coffee,coffee,beverages,coffee,24/11/17 18:30,1.0
1,27374Ab8dh1ad2j397c83cjdf9i4ed92b9ej36,65014Ad7b7ig1dj7i7bb0e0e939769e83e788e,14559Af9c729je60eefe11cddj39j27jc38g79,Loyal Customers,"Elegant Fluted 7.5\"" Party Plastic Plates",plates bowls cups flatware,household,plates bowls cups flatware,18/02/18 22:49,1.0
5,28319A78jh0bjfg4fib6hf9cfg4c44j9111133,12746A3b8i0i8701a86a69g7d5g1cc9ef3h6a3,36803A539613jca2cb3ecb9cb2d12b46h8g84f,Loyal Customers,California Pinot Noir Red Wine,missing,missing,Hand Luggage,27/08/18 15:18,1.0
5,3556A5g33d348fghigj97d0hahgeeba6i34a0,16029A1825jbf80hg108jbi4dhc45gac54jig4,22431A59686ifa3d72h43hcgbc6fh8672jd952,Loyal Customers,Organic Mellow Miso Brown Rice,asian foods,international,asian foods,08/08/17 23:53,1.0
3,2397A0d78agg86450agd94d5jbeb28ih3i8f8,68214A61gd95917e9e28bca4fj4j2369iadj72,27441Ah1f16hgbhch9cg2d37j302e8ajj738b3,Loyal Customers,Caramel Sea Salt Macaroons,bakery desserts,bakery,bakery desserts,10/05/18 18:27,1.0
5,21360Ajh5g5bcif12iijf55e7edcee37627834,58553Aef6bdb2j46ai2e3jeihd28h0ia3ih1c8,24516A11ag42a86ihedg32d640e81cjig87j5h,Loyal Customers,Clean Comfort Deodorant,deodorants,personal care,deodorants,05/06/18 21:07,1.0
2,14756A20hce95fgchjccc71hadgac878g2eb2j,70154A8d06c77702g3cd280d7eb090c201j6bh,13166Ajebe25dd97ajfc74ch4he0dg270548dd,Loyal Customers,"Frittata, Farmer's Market",frozen appetizers sides,frozen,frozen appetizers sides,26/01/18 10:03,1.0
1,21968A808g3j8d4gh785b8i21aac4b1e1j9368,34150Aji4ib250ib55e69775639f6fa0hg40a9,13166Ajebe25dd97ajfc74ch4he0dg270548dd,Loyal Customers,Pocket Facial Tissue,paper goods,household,paper goods,11/04/18 0:37,1.0
5,303Af82937907efehd5daei45be4gief11h1,1830A34f4f416cfh9b0218e77di4ceaa47d83,24103Aiifjhadeebjcf564794gjcgiaa9ddih7,Loyal Customers,Roja Parfumes Luxe 3.4 oz,candy chocolate,snacks,Perfumes,15/07/17 16:54,1.0
5,21193Abciidj9fa808063gfaf7ecbi321fhc8j,84623Ae33b193iagb5h44b9c38bfiijf22fhfd,24103Aiifjhadeebjcf564794gjcgiaa9ddih7,Loyal Customers,13 Gallon Handle Kitchen Garbage Bags,trash bags liners,household,trash bags liners,08/08/18 20:56,1.0
4,24293Ab4h47ga430468fba85i9heh06j5cf98j,44561A560iecg9d25c7j48653218g00c648d39,10434A48747j643a29ae87b19hb8a602jcji8g,Loyal Customers,Kitchens Chocolate Chip Spoonable Cookie Dough,doughs gelatins bake mixes,pantry,doughs gelatins bake mixes,15/07/18 20:44,1.0
4,18942Ad715hd3013fh7ed5385fghijdh6992c6,44561A560iecg9d25c7j48653218g00c648d39,10434A48747j643a29ae87b19hb8a602jcji8g,Loyal Customers,Steamfresh Chef's Favorites Lightly Sauced Mushroom & Green Bean Risotto,frozen meals,frozen,frozen meals,15/07/18 20:44,1.0
1,14549A64e8i30f0dg7ajeij0d47c73120hb9hd,35342A18i6j553jhiiia9bbi11hg5bgi9ei5di,10434A48747j643a29ae87b19hb8a602jcji8g,Loyal Customers,Organic Coconut Water With Pineapple,juice nectars,beverages,juice nectars,05/10/16 20:20,1.0
5,15245A0g87jd34c8ga40b1dd4ha86idcc4i35d,86054Ad7i6h39gfi95cejac23ga69029g49igd,25490Adbdb77hcc8b5ec65e5bbif4ij98cc12f,Loyal Customers,Nail Clipper With Catcher,eye ear care,personal care,eye ear care,19/05/17 11:41,1.0
4,328A7ibe1geec0h174ee071825c8f0ahg7hi,90231Ac58649gac7087edcie454ihgajcj1jf8,25490Adbdb77hcc8b5ec65e5bbif4ij98cc12f,Loyal Customers,Disinfectant Spray Cherry Blossom & Pomegranate Scent,air fresheners candles,household,air fresheners candles,08/03/18 12:50,1.0
5,8438Agj0efja72e42bci0cjh330e8891g8b9d,42441Ajg722b2e3i9a60cgbb02fie2e4ajb831,35538Afbgaef03fdc7e3g74jaa19hiffjjjjg7,Loyal Customers,Fruit Rings Cereal,cereal,breakfast,cereal,16/04/18 13:26,1.0
4,16990A665hh1h8865j569dge465jae8c6ggjbg,34958A9hg53hd12507dgc6b65e49i2700h47cg,24250Accdd91jffh4e4gigj4cida9da999ea93,Loyal Customers,Corn Husk,latino foods,international,latino foods,16/07/17 23:14,1.0
5,7256Ad66gf9ae7aab3biaba794287heh5fc66,72961A8413089j0760e6ib4f65he992ie69844,38844A3eh064ig946fiihb0ib6ih519i89716f,Loyal Customers,Blueberry Sparkling Water,yogurt,dairy eggs,Protein,16/02/18 18:19,1.0
5,22648A741g912i7ab6287hg0b5514chg49fd01,86037A787dbagj6g6bei7ejd611g1ij6cbfj2c,38844A3eh064ig946fiihb0ib6ih519i89716f,Loyal Customers,Organic Power Grains,grains rice dried goods,dry goods pasta,grains rice dried goods,01/12/17 21:52,1.0
5,1355Aijh557765d0e1d7f9ihhd0g1062f0f0a,77505Af33hficd08b60c8ahc31b7hg87i4585c,38844A3eh064ig946fiihb0ib6ih519i89716f,Loyal Customers,AromaHappy Gel Air Freshener,air fresheners candles,household,air fresheners candles,05/04/17 1:50,1.0
5,5734Adea76ei8dicf203c7e4159gcfg475dci,17393Acidbf6a32ccg5dbeb9482g998bbccfd7,150A9aga2hbaj0a4149ig4i90ea7fe20488g,Loyal Customers,Pizzeria-Style Crust Supreme Speciale Pizza,frozen pizza,frozen,frozen pizza,11/02/18 14:44,1.0
5,15000Afad29c4i226b1ifd4345a84209bd622f,39070Afj4583dh326bf3he828g8ea0j5if2fg6,15395A87ic2j094b8i3c45g4i07bdj6ee1f12g,Loyal Customers,Blueberry Fig Teething Wafers,baby food formula,babies,baby food formula,05/07/17 10:50,1.0
4,4331A5cj160d10648d4f5j3h5hi1e2db7a0j3,72667Aa9b1e0ia701e383cd422ja1c902bgg0c,15395A87ic2j094b8i3c45g4i07bdj6ee1f12g,Loyal Customers,Premium Deli Smoked Ham,lunch meat,deli,lunch meat,13/05/18 17:56,1.0
5,6656Ajejeef9034dc3gf6e7e4ae83c0g041h6,87267A87039e6394c339di556e9f94g44fi5g8,15395A87ic2j094b8i3c45g4i07bdj6ee1f12g,Loyal Customers,Organic California Style Sprouted Bread,bread,bakery,bread,02/04/17 19:19,1.0
5,16247Aji8cgi417f1h0c74e5h090ad8j676g1d,20162Aaf558hcb51ia31d4gh3df9f4i29ed224,5956Aa3bc2a532g45c96a4ab5d482aji8327d,Loyal Customers,Caraway Crackers,crackers,snacks,crackers,17/07/17 8:20,1.0
2,16529Aadhhig21ef0ij1hc5gdd9j2fcjffiibb,8560Aib6ch1818b1823c24j56f60jij01859e,5956Aa3bc2a532g45c96a4ab5d482aji8327d,Loyal Customers,Real Steak Jerky Original Recipe,popcorn jerky,snacks,popcorn jerky,21/11/17 18:20,1.0
5,26922Afc7ah7ia635f69e84534f65ii745c822,26500A1ibjh99353238e8841e85d8ab592bf92,37099A370a2b83ig20318h01ege48a9eigj1fa,Loyal Customers,"Freshly Grated Cheese, Parmesan",packaged cheese,dairy eggs,packaged cheese,18/05/17 23:45,1.0
5,5709A46h253h44ihi77g6i7hhch8c4dbiig4a,74396A1e11hg33d4g8ii2i72c889gi18e55g4j,30602Aj0018fiefaa0b3icg345ge7201fe7087,Loyal Customers,Ester-C Plus 500 Mg Vegicaps,vitamins supplements,personal care,vitamins supplements,17/08/17 9:40,1.0
5,28014Aje4b5053500dadij77jcccg2h695a026,2626A9b0hbj365d7bid9g95feaafffcd02daf,17613Ah449j0efbjf7cb50ij20dhgff781h599,Loyal Customers,All Purpose Soy Sauce,asian foods,international,asian foods,30/11/17 20:12,1.0
3,30033Adaaec121ihi0cgca4h45c3feea94h5c3,60716Ae6ha60f486g3bi0711h2dc12ji4e8je0,17613Ah449j0efbjf7cb50ij20dhgff781h599,Loyal Customers,"Shikakai Soap, Organic Hand & Body, Baby Unscented",soap,personal care,soap,10/03/17 18:29,1.0
3,24213Aj313e16jj12acf57f5jbag509664b1jf,19924Abgd280jfbf658gidbbc1i23j9a8c1i28,17242A49c69gjiii4ej66bb25356298f4i13j8,Loyal Customers,Chard Basil Apple Romaine Celery Cucumber Collards Lemon,juice nectars,beverages,juice nectars,06/06/17 21:33,1.0
3,20482Aaci6g30hjce098651g85f6afc4cc4a83,96516A521hbf7778e097e41jd6f3795dehd98j,8118Ag824jf571eb980fh3fh5e7ca5661a0j9,Loyal Customers,Hazelnut Soy Creamer,soy lactosefree,dairy eggs,soy lactosefree,14/12/17 0:09,1.0
4,25114Aj8h506d559i5e1j5ci980jf81j0a84bi,22152Aadhj6j24b2db925fef1543ga83eh4gf7,8118Ag824jf571eb980fh3fh5e7ca5661a0j9,Loyal Customers,Cookies,bakery desserts,bakery,bakery desserts,09/02/18 15:10,1.0
5,14345A4d4ha0fhhgf982cf06dcgd4ejd080989,23441Ac3ic70i5j92966999bh8c6974e8d7c52,8118Ag824jf571eb980fh3fh5e7ca5661a0j9,Loyal Customers,Gluten Free Pie Crusts,frozen breads doughs,frozen,frozen breads doughs,12/04/18 11:55,1.0
5,9990Aiij0gdae8615f5d13ih35hc6b7hc685i,53685A7a4ce63491ebg8bb1f3031hg2e348jh3,11783Aj05965j305412i6e5769j2chg810j610,Loyal Customers,Gluten Free Classy Slice Bread,bread,bakery,bread,07/10/16 9:33,1.0
5,19812A127fdaaa66f7ba20h22947gbdcj47e85,60692A4e03653ii6c3b9d1g7cbcg1646c25i84,9665Ah7ff0hb569ijhd06af74j5e7i833f9a6,Loyal Customers,Brown Rice & Black Beans,grains rice dried goods,dry goods pasta,grains rice dried goods,02/11/17 16:50,1.0
4,20136A8d8fi3360f45h671jd7af111526i44hf,15014Ahi805id4gdde1h2j7dgai6ha339698b6,10339Ajghe568d0c8i5ag2ich25e61g40e34bd,Loyal Customers,Nipple Cream,feminine care,personal care,feminine care,06/03/17 19:45,1.0
1,20546A6b37c45e3420472j871ffie42i4g4fag,55782Aei936had167eba78g2fa3f0970h19h9a,10339Ajghe568d0c8i5ag2ich25e61g40e34bd,Loyal Customers,Organic Baby Food Peach,baby food formula,babies,baby food formula,19/09/17 12:19,1.0
3,3822A6f05bjdg355e9ia81jf600adg2j6iba3,30574Ai39fb0g445cc6ih08b0g905j2h8j0215,37588Aghd490ejf7ejbh5dbcifa644b7407g7i,Loyal Customers,Green Magic Chia Squeeze,nuts seeds dried fruit,snacks,nuts seeds dried fruit,06/12/17 9:50,1.0
5,27400Acg730h64e2j4ih3agfa880i7c6ja913j,15503A54c9a21709j676476804ih0621g49e02,37588Aghd490ejf7ejbh5dbcifa644b7407g7i,Loyal Customers,Organic Whole Cloves,spices seasonings,pantry,spices seasonings,29/12/17 21:41,1.0
5,26181Aga8b44ge66828a0i2546b1e39954ccg4,62598Ae4ajbea31b2i509d6540gbb02d0j4254,30893Adb581egdbc5ifh35gd1hj98i9cd98e59,Loyal Customers,Paleo Snickerdoodle,cookies cakes,snacks,cookies cakes,29/03/18 17:48,4.0
1,24697Adh9gbbi15dbf72091aeddb852h2j7c61,70255A26gjd48jj967ij67805f9cbebe3d16f2,9885Aaa2ij11757g71hggi838033h2i363b41,Loyal Customers,Ultrabrite All-in-One Advanced Whitening Clean Mint Toothpaste,oral hygiene,personal care,oral hygiene,25/09/17 17:57,4.0
5,22584Ai3cdf85jaa9d0dj39f8568eh3599c6dg,51955A78i6j1d43ac62dib4f7d8bg523649421,27031A6j262bei4a668e99d534iaib6dj476fg,Loyal Customers,Bissell SteamBoost Steam Mop Starter,cleaning products,household,cleaning products,05/06/18 13:15,0.0
5,29162A3ed0i777a0378bh75j2493ch5ejgh75d,38398A1bh30h5916fhb5161fh6a0c971ej9bdd,9885Aaa2ij11757g71hggi838033h2i363b41,Loyal Customers,Cheddar Cheese Natural Sharp,specialty cheeses,dairy eggs,specialty cheeses,15/03/18 9:06,4.0
5,14735A6fcf6c8a6i2be52c58ii036g986h2fji,81666A8cih80b276e68a0dh5idi7igfig7fba7,38856A1g6c6d24ef0cdi7j7e4h598476e6a58d,Loyal Customers,California Pinot Noir Red Wine,missing,missing,Hand Luggage,25/07/17 10:52,2.0
3,723A7d5bceegf636hhe47140db8a0d0hj99a,33301Acj14i334ca9c4bf8fd9i64i5165ba577,21491Agbccib6hjf1hiaj1712bh2518b1g4g2f,Loyal Customers,Movie Theater Butter Pop Corn,popcorn jerky,snacks,popcorn jerky,17/01/18 15:54,3.0
3,31516A05h5ci0572aeehched345b7455a14342,68670A4gfdbccj5gcjg02cedj806hj5cgec9cc,26038Aceb6bbh500307697hhi45i5be9a2g0i8,Loyal Customers,Fat Free Organic Vegetable Broth,soup broth bouillon,canned goods,soup broth bouillon,04/12/17 13:15,3.0
5,5382Aededi54j7ae9if0ch29f66ic25i382jj,5267Af7aiechch6b4b11gd33718382446b4a7,26038Aceb6bbh500307697hhi45i5be9a2g0i8,Loyal Customers,Water Maple,water seltzer sparkling water,beverages,water seltzer sparkling water,07/04/18 10:15,3.0
4,20278A1h7ig4cgdh103bfhcechgd5faa050f7j,52133A8g1fie799535ef7a8j6icah8e88d7202,27779A94j941b054061g9igc857bjc78jb2f65,Loyal Customers,All Natural Cilantro,spices seasonings,pantry,spices seasonings,22/07/17 22:59,2.0
5,24613A6e67c2i29305bbd961dae30dcfig0djf,79595Ajgbhchi9ej289h1chbch3504615ej8di,17255A67iaa24ag77ded5a6i13ab89fa8c56cb,Loyal Customers,Sweet Potato Puffs Cereal Snack,baby food formula,babies,baby food formula,04/10/16 19:30,4.0
4,22796A1a2dc37j66ij4d793dfg57cgc8419ch6,60791Ad83795badfib62ahjb6245fbh9j284ia,7113Ag6ce5j53fgf19j55cdcjg5e7a89e2g9c,Loyal Customers,Instant Polenta,ZenPop,dry goods pasta,ZenPop,01/03/18 15:37,0.0
1,24868Adc0992gede1g221h7ic14ea847g279a5,70255A26gjd48jj967ij67805f9cbebe3d16f2,9885Aaa2ij11757g71hggi838033h2i363b41,Loyal Customers,100% Pure Cinnamon Leaf Essential Oil,air fresheners candles,household,air fresheners candles,25/09/17 17:57,4.0
4,29229Afe011gf1d52abh9j3i4af1gh848g3f1d,23648Ab1d29dfhd6a74d468ji2h421gi7i1g28,13308Aih6g2640c687d4841dhdf2bjf7jh3a27,Loyal Customers,Smoked Scottish Salmon,packaged seafood,meat seafood,packaged seafood,04/01/18 12:56,0.0
5,15066Afga4g0e9f7241888a91a90e35hiijh78,69449Ahf77bhbia99cfe04ai2502000544j833,10626Ag1d3507iijg8j733f338536i85j26470,Loyal Customers,Deep Dish Pie Crust,frozen dessert,frozen,frozen dessert,05/11/17 20:07,0.0
4,20226A8c7gb51hac6c2je182gafj13djj3a5i7,38908A7a3046547589cf4fc795ffdhfeb85aea,5129A3b08jaj8d75hifai84cg5b5443b28301,Loyal Customers,Organic Eggplant Parmesan,frozen meals,frozen,frozen meals,06/02/18 21:09,3.0
5,28548Afijbfc8f24f1hh5542356i66411j803e,10947A066df7d65c7a72d3d1f47f0f91i9ag91,15682A62a53g7a816b64488539j9ei56gc4a43,Loyal Customers,Roja Parfumes Luxe 3.4 oz,candy chocolate,snacks,Perfumes,16/10/17 11:39,4.0
5,9321A8i166h28ha5d1h455h264ad5954gf0h7,74908A916f75hi08534dijcafad27906181j5h,15682A62a53g7a816b64488539j9ei56gc4a43,Loyal Customers,Clean Day Baby Blossom Laundry Detergent,laundry,household,laundry,05/06/17 11:55,4.0
5,16729A28428j6ac1fc4bjhcb5c0ef910923558,90844Aa850e1h5hh6id9hj47960hhhhecb6ig8,17255A67iaa24ag77ded5a6i13ab89fa8c56cb,Loyal Customers,Vanilla Almond Tea Bags,tea,beverages,tea,28/11/17 23:39,4.0
3,26480Agi4b2i9271eaba7b94548h1fd1djfcd7,79575A639if95jh21ji1984fda6a2943hch9jh,8729A3jgj61ba0709c4gjfbh315jef15619ji,Loyal Customers,Purple Top Turnip,fresh vegetables,produce,fresh vegetables,08/02/18 4:56,0.0
5,12278A7d45660b87ec95i762969217gc6057a3,34200A6ihc41i481fid16cjc70689afh3gdif3,27779A94j941b054061g9igc857bjc78jb2f65,Loyal Customers,Curate Nutrition Bar Irresistible Dark Chocolate Strawberries & Pistachios,energy granola bars,snacks,energy granola bars,07/12/17 8:32,2.0
5,5358Ae2h1dcf1g8cjc0j7296cghid56e19dfi,49204Ai9bjce2ji2c0b58i106d71i1b7h402da,27779A94j941b054061g9igc857bjc78jb2f65,Loyal Customers,Lemongrass Basil Chicken With Jasmine Rice,frozen meals,frozen,frozen meals,19/02/18 20:14,2.0
5,12568Ahh6841cd2b6ja4j1g3f4figc8i977j25,36513A3410g4f5i4dbf87f473856j63f7i621g,15179Ah0bfbh5601h5efjgec9iae214jea1hfh,Loyal Customers,Septic System Treatment (Powder),cleaning products,household,cleaning products,29/11/17 15:35,3.0
1,24847Ah875ej0di1ga283d0ici4ie758688690,30902Af0g1dg8ddc6iifbi2d271113a8bf1240,4133A472id1egii51ade7b200d5aj88c2a05f,Loyal Customers,"Homestyle Meals Apple, Raspberry, Kale & Amaranth (Stage 2 for 6+ Months)",baby food formula,babies,baby food formula,20/02/17 21:34,0.0
4,25358A1j320c7cd493cacj0g0hg28ihd262hcd,54951Aaih3fi29ab548hj326hj8h9ah23j1j63,2624Ac1995018ehh11a83i8eag4g706a9h70c,Loyal Customers,Orange Multihealth Fiber Packets,digestion,personal care,digestion,18/03/18 11:09,0.0
1,25303Ah495ea0iihe96ce5ig27e7bij500623f,76A3jfc16ia8ci7e1b3f21j84ie4gd85859,31695Aj1bbih48545538b6b856f3ag00g5d627,Loyal Customers,Zap Ems Pizza Snacks,frozen meals,frozen,frozen meals,15/08/18 14:29,3.0
5,4391Aj5g78g1ge83agc9j269gi7hd8i6acf75,50594Acc6ddcgdb8afhe3ba2d9i728gb5ci3j8,31695Aj1bbih48545538b6b856f3ag00g5d627,Loyal Customers,16inch Macbook Pro -2.6GHz Intel Core i7,ice cream ice,frozen,Apple Macbook,27/11/17 22:55,3.0
4,9858Ag3djij282fc33de2i6c26hj4h456e29h,87678A3831591c8581699ja957hid40ffa6jif,31695Aj1bbih48545538b6b856f3ag00g5d627,Loyal Customers,Echinacea Supreme,vitamins supplements,personal care,vitamins supplements,24/02/18 10:02,3.0
4,12804A6bd3fea8gici3347h0907ca1gj9dhfd1,66848Agf59dbia6eic9946hcb9c2316d2117jf,31114A4g7j21bab6f0ff87f1g992i0ac7hh227,Loyal Customers,Gluten Free Corn Elbow Style Pasta,dry pasta,dry goods pasta,dry pasta,24/06/18 9:24,6.0
3,26851Ad2j2900j9ac65i9b65jai7hi77652g6f,4356Acaf5he43gjd193j15022440fh2idf1ie,31114A4g7j21bab6f0ff87f1g992i0ac7hh227,Loyal Customers,Chew-Lotta Long Lasting Chewbone Dog Snacks,dog food care,pets,dog food care,26/01/17 16:03,6.0
2,14714Ajb407102ihhjjajiai3ih50279a848cd,46087Af0e01688a4j8jdd63456df46757dbe29,14240A6a54f7aj70j098231dha159c1hjeh2i0,Loyal Customers,"Ground Flaxseed, Almonds, Brazil Nuts, Walnuts, Co-Enzyme Q10",nuts seeds dried fruit,snacks,nuts seeds dried fruit,30/03/18 19:43,6.0
4,17580A5c88d45f51h58aag893fbac8f2fi26e4,61003Aec658a7348191955af42a4ha97i291dj,23669Aj8a4070bed26bgge9a63hh8c2d34hdjb,Loyal Customers,"Ranch Marinade, Dip & Dressing",salad dressing toppings,pantry,salad dressing toppings,17/02/18 1:25,2.0
5,11919Adj5dh4b35i5115c6ed35239497160ja1,64221A96j219i41eedbh47446af377j104jiba,23407Ad81ccgha1dhbh6a4eb582i1c9ej7djj7,Loyal Customers,"Tender white meat chicken in a red chile lime sauce with a medley of roasted corn, peppers, and rice Chile Lime Chicken",frozen meals,frozen,frozen meals,17/06/18 16:35,6.0
5,3122A1h4ai5cjf1feacgce16806def0i6had1,80503A80e337e26d8dd91b05bbc49h2cc1adge,19327Ae29ih4fi9e0bef1ae01ee4069f4fd6d0,Loyal Customers,Special Reserve 12 Yr Old Scotch Whisky 80 Proof,spirits,alcohol,spirits,14/02/18 2:10,3.0
5,28145Aai02ga3j0i749g7421b2fda2igif09ce,40006A0353gf6ja9ff9b45gdh792i5282f8j0h,35704Ab5jda45j7d0ga0cc9afbeg8d243598d0,Loyal Customers,Pumpkin & Sage Ravioli,fresh pasta,dry goods pasta,fresh pasta,30/06/18 10:29,6.0
5,29700Add1c65f7e8aecfc66igfg0e6450gg433,32297A57c6gbhj74e3e3705aac385hbh16ie1i,9880A2gc7g807ec7che8071b5ad41he0gh29c,Loyal Customers,Soft Toothbrush,oral hygiene,personal care,oral hygiene,20/02/18 16:06,5.0
5,15823A27bg3g62dejj61i1d5b7i70ijdfd5895,42323A3dic8c1153je8iedic17ii023j5089g6,1146Aed0g63d75gfjb85e9bi610g6c314ga47,Loyal Customers,Hot Wasabi Coated Green Peas,asian foods,international,asian foods,04/10/17 15:09,6.0
5,23101Abg8e5bh4giccc0i5gc402cfac7c1g8e9,71072A3dc5jh9ec622jib7ggb34ge5ia48j14f,30893Adb581egdbc5ifh35gd1hj98i9cd98e59,Loyal Customers,Waxed Unflavored Floss,oral hygiene,personal care,oral hygiene,26/06/17 10:49,4.0
4,26793Ac2ae6f7acg860h3f0dib6jgae16b96i8,42447A8c90ec0hf2eg4j6g2fgg14bf0b7af471,10433Aa2f1916af7fae6a4j9693ih4h1jie427,Loyal Customers,Gluten Free Peach Apricot Bars,energy granola bars,snacks,energy granola bars,28/05/18 20:49,2.0
3,9103Aba8dj9iacd172d65g112dcbgfi41d39e,2868A70icf87aehe873ajb8gcf70h8g0c4jf7,19327Ae29ih4fi9e0bef1ae01ee4069f4fd6d0,Loyal Customers,Banana Walnut Pound Cake,breakfast bakery,bakery,breakfast bakery,22/08/17 16:50,3.0
4,29024A66bh6a8cjdg6ed8j812aje30aegg8bf9,57065Aaf3ac2fi79jbc77gcgi15jbjf8eij0cc,993A1gbibcgjc14dh7i06d791hfa60i0i827,Loyal Customers,Organic Baked Aloha Tofu,tofu meat alternatives,deli,tofu meat alternatives,09/06/18 15:47,6.0
5,20426Ag07c42hd7di0jcfedd7bb1a7iig9g3af,72548Aib2dfb02c8fb69aae5jfj54jaha484hg,10699A2jhagdbffh87fijb511ahicfh8d7gf56,Loyal Customers,Snug & Dry Size 6 Diapers,diapers wipes,babies,diapers wipes,18/04/18 19:20,3.0
5,15080A4h63e8c1i82416h3971812fajb2ce784,94329Agejbi2b5h6gbffe9h4eg2017f14f23ej,10699A2jhagdbffh87fijb511ahicfh8d7gf56,Loyal Customers,Facial Cloths,facial care,personal care,facial care,26/07/18 19:28,3.0
